Rk,Player,Nation,Pos,Squad,Age,Born,MP,Starts,Min,90s,Gls,Ast,G+A,G-PK,PK,PKatt,CrdY,CrdR,Gls,Ast,G+A,G-PK,G+A-PK,Matches,xAG,xG+xAG,npxG,npxG+xAG
1,Wessam Abou Ali,ps PLE,FW,eg Al Ahly,26-169,1999,2,2,139,1.5,0,0,0,0,0,0,0,0,0,0,0,0,0,Matches,1.19,2.77,1.54,2.73
2,Francesco Acerbi,it ITA,DF,it Inter,37-132,1988,1,1,90,1,0,0,0,0,0,0,0,0,0,0,0,0,0,Matches,1.1,2.57,1.35,2.45
3,Marcos Acuña,ar ARG,DF,ar River Plate,33-237,1991,1,1,88,1,0,2,2,0,0,0,1,0,0,2.05,2.05,0,2.05,Matches,1.15,2.84,1.54,2.69
4,Jayden Adams,za RSA,MF,za Sundowns,24-048,2001,1,0,6,0.1,0,0,0,0,0,0,0,0,0,0,0,0,0,Matches,1.12,2.67,1.43,2.55
5,Tosin Adarabioyo,eng ENG,DF,eng Chelsea,27-271,1997,1,1,90,1,0,0,0,0,0,0,1,0,0,0,0,0,0,Matches,1.06,2.61,1.4,2.47
6,Karim Adeyemi,de GER,FW,de Dortmund,23-155,2002,1,1,58,0.6,0,0,0,0,0,0,0,0,0,0,0,0,0,Matches,1.39,3.17,1.68,3.07
7,Luis Advíncula,pe PER,DF,ar Boca Juniors,35-112,1990,2,2,180,2,0,0,0,0,0,0,1,0,0,0,0,0,0,Matches,1.22,2.81,1.51,2.73
8,Afsha,eg EGY,MF,eg Al Ahly,29-108,1996,2,0,41,0.5,0,0,0,0,0,0,0,0,0,0,0,0,0,Matches,0.85,1.95,1.06,1.91
9,Érick Aguirre,mx MEX,"DF,MF",mx Monterrey,28-119,1997,1,0,33,0.4,0,0,0,0,0,0,0,0,0,0,0,0,0,Matches,0.99,2.28,1.21,2.2
10,Jorge Agustín Rodríguez,ar ARG,MF,mx Monterrey,29-280,1995,1,1,90,1,0,0,0,0,0,0,1,0,0,0,0,0,0,Matches,1.62,3.78,1.98,3.6
11,Nathan Aké,nl NED,DF,eng Manchester City,30-124,1995,1,1,90,1,0,0,0,0,0,0,0,0,0,0,0,0,0,Matches,1.43,3.22,1.71,3.13
12,Kerem Aktürkoğlu,tr TUR,MF,pt Benfica,26-244,1998,2,1,91,1,0,0,0,0,0,0,0,0,0,0,0,0,0,Matches,1.04,2.43,1.3,2.35
13,William Alarcón,cl CHI,MF,ar Boca Juniors,24-214,2000,2,0,47,0.5,0,0,0,0,0,0,0,0,0,0,0,0,0,Matches,1.21,2.89,1.57,2.78
14,Jordi Alba,es ESP,"DF,MF",us Inter Miami,36-093,1989,1,0,12,0.1,0,0,0,0,0,0,0,0,0,0,0,0,0,Matches,0.87,2.07,1.14,2
15,Trent Alexander-Arnold,eng ENG,DF,es Real Madrid,26-258,1998,1,1,64,0.7,0,0,0,0,0,0,0,0,0,0,0,0,0,Matches,1.17,2.71,1.46,2.63
16,Luis Alfonso Rodríguez,mx MEX,DF,mx Pachuca,34-152,1991,1,1,90,1,0,0,0,0,0,0,0,0,0,0,0,0,0,Matches,0.89,2.13,1.18,2.07
17,Allan,br BRA,MF,br Flamengo,28-111,1997,1,0,17,0.2,0,0,0,0,0,0,0,0,0,0,0,0,0,Matches,0.93,2.08,1.15,2.08
18,Allan,br BRA,FW,br Palmeiras,21-064,2004,1,0,26,0.3,0,0,0,0,0,0,0,0,0,0,0,0,0,Matches,0.89,2.14,1.18,2.07
19,Allan,br BRA,MF,br Botafogo (RJ),34-165,1991,1,1,86,1,0,0,0,0,0,0,0,0,0,0,0,0,0,Matches,1.47,3.41,1.87,3.34
20,Noah Allen,us USA,DF,us Inter Miami,21-055,2004,2,2,180,2,0,0,0,0,0,0,0,0,0,0,0,0,0,Matches,0.88,2.14,1.18,2.05
21,Marcelo Allende,cl CHI,MF,za Sundowns,26-076,1999,1,1,90,1,0,0,0,0,0,0,0,0,0,0,0,0,0,Matches,,,,
22,Tadeo Allende,ar ARG,MF,us Inter Miami,26-122,1999,2,2,158,1.8,0,0,0,0,0,0,0,0,0,0,0,0,0,Matches,,,,
23,Julián Álvarez,ar ARG,FW,es Atlético Madrid,25-142,2000,2,2,171,1.9,0,0,0,0,0,0,0,0,0,0,0,0,0,Matches,,,,
24,Frankie Amaya,us USA,MF,us LAFC,24-269,2000,2,0,20,0.2,0,0,0,0,0,0,0,0,0,0,0,0,0,Matches,,,,
25,Fidel Ambríz,mx MEX,MF,mx Monterrey,22-093,2003,1,0,12,0.1,0,0,0,0,0,0,0,0,0,0,0,0,0,Matches,,,,
26,Mohamed Amine Tougai,dz ALG,DF,tn Espérance Tunis,25-151,2000,2,2,180,2,0,0,0,0,0,0,1,0,0,0,0,0,0,Matches,,,,
27,Nordin Amrabat,ma MAR,MF,ma Wydad AC,38-083,1987,1,1,61,0.7,0,0,0,0,0,0,0,0,0,0,0,0,0,Matches,,,,
28,Felipe Anderson,br BRA,MF,br Palmeiras,32-068,1993,1,1,64,0.7,0,0,0,0,0,0,1,0,0,0,0,0,0,Matches,,,,
29,Esteban Andrada,ar ARG,GK,mx Monterrey,34-147,1991,1,1,90,1,0,0,0,0,0,0,0,0,0,0,0,0,0,Matches,,,,
30,Waldemar Anton,de GER,DF,de Dortmund,28-337,1996,1,1,90,1,0,0,0,0,0,0,0,0,0,0,0,0,0,Matches,,,,
31,Luiz Araújo,br BRA,MF,br Flamengo,29-020,1996,2,2,178,2,1,1,2,1,0,0,0,0,0.51,0.51,1.01,0.51,1.01,Matches,,,,
32,Jhon Arias,co COL,FW,br Fluminense,27-274,1997,1,1,90,1,0,0,0,0,0,0,0,0,0,0,0,0,0,Matches,,,,
33,Franco Armani,ar ARG,GK,ar River Plate,38-249,1986,1,1,90,1,0,0,0,0,0,0,0,0,0,0,0,0,0,Matches,,,,
34,Gerardo Arteaga,mx MEX,MF,mx Monterrey,26-288,1998,1,1,90,1,0,0,0,0,0,0,0,0,0,0,0,0,0,Matches,,,,
35,Artur,br BRA,"MF,FW",br Botafogo (RJ),27-127,1998,2,2,166,1.8,0,0,0,0,0,0,0,0,0,0,0,0,0,Matches,,,,
36,Raúl Asencio,es ESP,DF,es Real Madrid,22-129,2003,1,1,45,0.5,0,0,0,0,0,0,0,0,0,0,0,0,0,Matches,,,,
37,Emam Ashour,eg EGY,MF,eg Al Ahly,27-122,1998,1,1,13,0.1,0,0,0,0,0,0,0,0,0,0,0,0,0,Matches,,,,
38,Kristjan Asllani,al ALB,MF,it Inter,23-105,2002,1,1,67,0.7,0,0,0,0,0,0,1,0,0,0,0,0,0,Matches,,,,
39,Otavio Ataide,br BRA,DF,pt Porto,23-062,2002,1,0,4,0,0,0,0,0,0,0,0,0,0,0,0,0,0,Matches,,,,
40,Marwan Attia,eg EGY,MF,eg Al Ahly,26-314,1998,2,2,180,2,0,0,0,0,0,0,2,0,0,0,0,0,0,Matches,,,,
41,Yahya Attiat Allah,ma MAR,DF,eg Al Ahly,30-112,1995,1,1,86,1,0,0,0,0,0,0,1,0,0,0,0,0,0,Matches,,,,
42,Bathusi Aubaas,za RSA,MF,za Sundowns,30-039,1995,1,0,14,0.2,0,0,0,0,0,0,0,0,0,0,0,0,0,Matches,,,,
43,Carlos Augusto,br BRA,MF,it Inter,26-166,1999,1,1,68,0.8,0,1,1,0,0,0,0,0,0,1.32,1.32,0,1.32,Matches,,,,
44,Fredrik Aursnes,no NOR,"MF,DF",pt Benfica,29-194,1995,2,2,160,1.8,0,0,0,0,0,0,0,0,0,0,0,0,0,Matches,,,,
45,Tomás Avilés,ar ARG,DF,us Inter Miami,21-139,2004,2,1,73,0.8,0,0,0,0,0,0,1,0,0,0,0,0,0,Matches,,,,
46,Stephane Aziz Ki,bf BFA,MF,ma Wydad AC,29-111,1996,1,0,7,0.1,0,0,0,0,0,0,0,0,0,0,0,0,0,Matches,,,,
47,Adam Aznou,ma MAR,DF,de Bayern Munich,19-020,2006,1,0,9,0.1,0,0,0,0,0,0,0,0,0,0,0,0,0,Matches,,,,
48,Edmund Baidoo,gh GHA,FW,at RB Salzburg,19-143,2006,1,1,54,0.6,0,0,0,0,0,0,0,0,0,0,0,0,0,Matches,,,,
49,Adrian Bajrami,al ALB,DF,pt Benfica,23-078,2002,1,0,5,0.1,0,0,0,0,0,0,1,0,0,0,0,0,0,Matches,,,,
50,Reed Baker-Whiting,us USA,DF,us Seattle Sounders,20-083,2005,2,1,135,1.5,0,0,0,0,0,0,0,0,0,0,0,0,0,Matches,,,,
51,Danilo Barbosa,br BRA,"DF,MF",br Botafogo (RJ),29-114,1996,1,0,5,0.1,0,0,0,0,0,0,0,0,0,0,0,0,0,Matches,,,,
52,Alexander Barboza,ar ARG,DF,br Botafogo (RJ),30-098,1995,2,2,180,2,0,0,0,0,0,0,1,0,0,0,0,0,0,Matches,,,,
53,Bradley Barcola,fr FRA,"FW,MF",fr Paris S-G,22-293,2002,1,0,36,0.4,0,0,0,0,0,0,0,0,0,0,0,0,0,Matches,,,,
54,Nicolò Barella,it ITA,MF,it Inter,28-135,1997,1,1,90,1,0,0,0,0,0,0,1,0,0,0,0,0,0,Matches,,,,
55,Leandro Barreiro Martins,lu LUX,MF,pt Benfica,25-170,2000,2,1,91,1,2,0,2,2,0,0,0,0,1.98,0,1.98,1.98,1.98,Matches,,,,
56,Pablo Barrios,es ESP,MF,es Atlético Madrid,22-007,2003,2,2,159,1.8,2,0,2,2,0,0,0,0,1.13,0,1.13,1.13,1.13,Matches,,,,
57,Alessandro Bastoni,it ITA,DF,it Inter,26-070,1999,1,1,90,1,0,0,0,0,0,0,0,0,0,0,0,0,0,Matches,,,,
58,Rodrigo Battaglia,ar ARG,MF,ar Boca Juniors,33-345,1991,2,2,180,2,1,0,1,1,0,0,0,0,0.5,0,0.5,0.5,0.5,Matches,,,,
59,Alán Bautista,mx MEX,MF,mx Pachuca,22-228,2002,1,0,14,0.2,0,0,0,0,0,0,0,0,0,0,0,0,0,Matches,,,,
60,Paulo Baya,br BRA,MF,br Fluminense,25-331,1999,1,0,4,0,0,0,0,0,0,0,0,0,0,0,0,0,0,Matches,,,,
61,Ahmed Beckham,eg EGY,DF,eg Al Ahly,28-091,1997,1,0,29,0.3,0,0,0,0,0,0,0,0,0,0,0,0,0,Matches,,,,
62,Youcef Belaïli,dz ALG,MF,tn Espérance Tunis,33-100,1992,2,2,179,2,1,0,1,1,0,0,2,0,0.5,0,0.5,0.5,0.5,Matches,,,,
63,Adam Bell,nz NZL,DF,nz Auckland City,21-130,2004,1,1,90,1,0,0,0,0,0,0,0,0,0,0,0,0,0,Matches,,,,
64,Jon Bell,jm JAM,DF,us Seattle Sounders,27-300,1997,2,1,135,1.5,0,0,0,0,0,0,0,0,0,0,0,0,0,Matches,,,,
65,Jobe Bellingham,eng ENG,MF,de Dortmund,19-272,2005,1,0,32,0.4,0,0,0,0,0,0,0,0,0,0,0,0,0,Matches,,,,
66,Jude Bellingham,eng ENG,MF,es Real Madrid,21-358,2003,1,1,83,0.9,0,0,0,0,0,0,0,0,0,0,0,0,0,Matches,,,,
67,Tomás Belmonte,ar ARG,MF,ar Boca Juniors,27-026,1998,2,1,139,1.5,0,0,0,0,0,0,0,0,0,0,0,0,0,Matches,,,,
68,Andrea Belotti,it ITA,FW,pt Benfica,31-184,1993,1,0,26,0.3,0,0,0,0,0,0,0,1,0,0,0,0,0,Matches,,,,
69,Mohamed Ben Ali,tn TUN,DF,tn Espérance Tunis,30-126,1995,2,2,173,1.9,0,0,0,0,0,0,1,0,0,0,0,0,0,Matches,,,,
70,Bechir Ben Said,tn TUN,GK,tn Espérance Tunis,32-205,1992,2,2,180,2,0,0,0,0,0,0,0,0,0,0,0,0,0,Matches,,,,
71,Achraf Bencharki,ma MAR,FW,eg Al Ahly,30-271,1994,1,0,29,0.3,0,0,0,0,0,0,0,0,0,0,0,0,0,Matches,,,,
72,Ramy Bensebaini,dz ALG,DF,de Dortmund,30-067,1995,1,1,90,1,0,0,0,0,0,0,1,0,0,0,0,0,0,Matches,,,,
73,Lucas Beraldo,br BRA,DF,fr Paris S-G,21-210,2003,1,1,90,1,0,0,0,0,0,0,0,0,0,0,0,0,0,Matches,,,,
74,Germán Berterame,mx MEX,FW,mx Monterrey,26-221,1998,1,1,78,0.9,0,0,0,0,0,0,0,0,0,0,0,0,0,Matches,,,,
75,Myer Bevan,nz NZL,FW,nz Auckland City,28-060,1997,2,2,162,1.8,0,0,0,0,0,0,0,0,0,0,0,0,0,Matches,,,,
76,Mads Bidstrup,dk DEN,MF,at RB Salzburg,24-117,2001,1,1,90,1,0,1,1,0,0,0,0,0,0,1,1,0,1,Matches,,,,
77,Lautaro Blanco,ar ARG,DF,ar Boca Juniors,26-123,1999,2,2,180,2,0,1,1,0,0,0,0,0,0,0.5,0.5,0,0.5,Matches,,,,
78,Oscar Bobb,no NOR,"FW,MF",eng Manchester City,21-345,2003,1,0,31,0.3,0,0,0,0,0,0,0,0,0,0,0,0,0,Matches,,,,
79,Sacha Boey,fr FRA,DF,de Bayern Munich,24-282,2000,1,1,90,1,1,1,2,1,0,0,0,0,1,1,2,1,2,Matches,,,,
80,Darijan Bojanić,se SWE,MF,kr Ulsan HD,30-176,1994,1,1,72,0.8,0,0,0,0,0,0,1,0,0,0,0,0,0,Matches,,,,
81,Gonçalo Borges,pt POR,MF,pt Porto,24-085,2001,1,0,32,0.4,0,0,0,0,0,0,0,0,0,0,0,0,0,Matches,,,,
82,Miguel Borja,co COL,FW,ar River Plate,32-147,1993,1,0,40,0.4,0,0,0,0,0,0,0,0,0,0,0,0,0,Matches,,,,
83,Denis Bouanga,ga GAB,FW,us LAFC,30-223,1994,2,2,180,2,0,0,0,0,0,1,0,0,0,0,0,0,0,Matches,,,,
84,Raed Bouchniba,tn TUN,DF,tn Espérance Tunis,21-270,2003,1,0,7,0.1,0,0,0,0,0,0,0,0,0,0,0,0,0,Matches,,,,
85,Yassine Bounou,ma MAR,GK,sa Al-Hilal,34-078,1991,1,1,90,1,0,0,0,0,0,0,0,0,0,0,0,0,0,Matches,,,,
86,Abdelmounaim Boutouil,ma MAR,DF,ma Wydad AC,27-164,1998,1,1,90,1,0,0,0,0,0,0,0,0,0,0,0,0,0,Matches,,,,
87,Nikko Boxall,nz NZL,DF,nz Auckland City,33-118,1992,2,2,180,2,0,0,0,0,0,0,0,0,0,0,0,0,0,Matches,,,,
88,Danilo Boza,br BRA,DF,jp Urawa Reds,27-047,1998,1,1,90,1,0,0,0,0,0,0,0,0,0,0,0,0,0,Matches,,,,
89,Malcom Braida,ar ARG,"DF,FW",ar Boca Juniors,28-036,1997,1,0,32,0.4,0,0,0,0,0,0,0,0,0,0,0,0,0,Matches,,,,
90,Julian Brandt,de GER,MF,de Dortmund,29-051,1996,1,1,76,0.8,0,0,0,0,0,0,0,0,0,0,0,0,0,Matches,,,,
91,Bruma,pt POR,FW,pt Benfica,30-241,1994,1,1,60,0.7,0,0,0,0,0,0,0,0,0,0,0,0,0,Matches,,,,
92,Sergio Busquets,es ESP,MF,us Inter Miami,36-341,1988,2,2,180,2,0,0,0,0,0,0,1,0,0,0,0,0,0,Matches,,,,
93,Arthur Cabral,br BRA,FW,br Botafogo (RJ),27-058,1998,1,0,22,0.2,0,0,0,0,0,0,0,0,0,0,0,0,0,Matches,,,,
94,Moisés Caicedo,ec ECU,MF,eng Chelsea,23-232,2001,2,2,172,1.9,0,0,0,0,0,0,1,0,0,0,0,0,0,Matches,,,,
95,Andrea Cambiaso,it ITA,MF,it Juventus,25-122,2000,1,1,45,0.5,0,0,0,0,0,0,1,0,0,0,0,0,0,Matches,,,,
96,Sergio Canales,es ESP,MF,mx Monterrey,34-126,1991,1,1,89,1,0,0,0,0,0,0,0,0,0,0,0,0,0,Matches,,,,
97,João Cancelo,pt POR,DF,sa Al-Hilal,31-026,1994,1,1,63,0.7,0,0,0,0,0,0,0,0,0,0,0,0,0,Matches,,,,
98,Germán Cano,ar ARG,FW,br Fluminense,37-140,1988,1,0,21,0.2,0,0,0,0,0,0,0,0,0,0,0,0,0,Matches,,,,
99,Agustín Canobbio,uy URU,FW,br Fluminense,26-264,1998,1,1,69,0.8,0,0,0,0,0,0,0,0,0,0,0,0,0,Matches,,,,
100,Álvaro Carreras,es ESP,DF,pt Benfica,22-091,2003,2,2,135,1.5,0,0,0,0,0,0,2,0,0,0,0,0,0,Matches,,,,
Rk,Player,Nation,Pos,Squad,Age,Born,MP,Starts,Min,90s,Gls,Ast,G+A,G-PK,PK,PKatt,CrdY,CrdR,Gls,Ast,G+A,G-PK,G+A-PK,Matches,,,,
101,Milton Casco,ar ARG,DF,ar River Plate,37-072,1988,1,0,2,0,0,0,0,0,0,0,0,0,0,0,0,0,0,Matches,,,,
102,Kevin Castaño,co COL,MF,ar River Plate,24-266,2000,1,1,90,1,0,0,0,0,0,0,0,0,0,0,0,0,0,Matches,,,,
103,Murilo Cerqueira,br BRA,DF,br Palmeiras,28-087,1997,2,2,180,2,0,0,0,0,0,0,0,0,0,0,0,0,0,Matches,,,,
104,Nassim Chadli,fr FRA,MF,ae Al Ain FC,23-329,2001,1,0,15,0.2,0,0,0,0,0,0,0,0,0,0,0,0,0,Matches,,,,
105,Trevoh Chalobah,eng ENG,DF,eng Chelsea,25-352,1999,1,1,90,1,0,0,0,0,0,0,0,0,0,0,0,0,0,Matches,,,,
106,Ricardo Chávez Soto,mx MEX,MF,mx Monterrey,30-215,1994,1,1,57,0.6,0,0,0,0,0,0,0,0,0,0,0,0,0,Matches,,,,
107,Rayan Cherki,fr FRA,MF,eng Manchester City,21-309,2003,1,1,59,0.7,0,0,0,0,0,0,0,0,0,0,0,0,0,Matches,,,,
108,Carney Chukwuemeka,eng ENG,MF,de Dortmund,21-245,2003,1,0,14,0.2,0,0,0,0,0,0,0,0,0,0,0,0,0,Matches,,,,
109,Lee Chung-yong,kr KOR,MF,kr Ulsan HD,36-355,1988,1,1,63,0.7,0,0,0,0,0,0,0,0,0,0,0,0,0,Matches,,,,
110,Facundo Colidio,ar ARG,FW,ar River Plate,25-169,2000,1,1,74,0.8,1,0,1,1,0,0,0,0,1.22,0,1.22,1.22,1.22,Matches,,,,
111,Levi Colwill,eng ENG,DF,eng Chelsea,22-116,2003,2,2,180,2,0,0,0,0,0,0,0,0,0,0,0,0,0,Matches,,,,
112,Kingsley Coman,fr FRA,MF,de Bayern Munich,29-009,1996,2,2,111,1.2,2,1,3,2,0,0,0,0,1.62,0.81,2.43,1.62,2.43,Matches,,,,
113,Francisco Conceição,pt POR,MF,it Juventus,22-190,2002,1,1,90,1,2,0,2,2,0,0,1,0,2,0,2,2,2,Matches,,,,
114,Ángel Correa,ar ARG,"FW,MF",es Atlético Madrid,30-105,1995,2,0,50,0.6,0,0,0,0,0,0,1,0,0,0,0,0,0,Matches,,,,
115,Joaquín Correa,ar ARG,"FW,MF",br Botafogo (RJ),30-313,1994,1,0,45,0.5,0,0,0,0,0,0,1,0,0,0,0,0,0,Matches,,,,
116,Jordi Cortizo,mx MEX,"FW,MF",mx Monterrey,28-357,1996,1,0,1,0,0,0,0,0,0,0,0,0,0,0,0,0,0,Matches,,,,
117,Alberto costa,pt POR,MF,it Juventus,21-266,2003,1,1,90,1,0,2,2,0,0,0,0,0,0,2,2,0,2,Matches,,,,
118,Ayrton Costa,ar ARG,DF,ar Boca Juniors,25-345,1999,2,2,180,2,0,1,1,0,0,0,1,0,0,0.5,0.5,0,0.5,Matches,,,,
119,Thibaut Courtois,be BEL,GK,es Real Madrid,33-042,1992,1,1,90,1,0,0,0,0,0,0,0,0,0,0,0,0,0,Matches,,,,
120,Yan Couto,br BRA,"DF,MF",de Dortmund,23-019,2002,1,0,4,0,0,0,0,0,0,0,1,0,0,0,0,0,0,Matches,,,,
121,Ben Cremaschi,us USA,MF,us Inter Miami,20-112,2005,2,1,108,1.2,0,0,0,0,0,0,0,0,0,0,0,0,0,Matches,,,,
122,Marc Cucurella,es ESP,DF,eng Chelsea,26-335,1998,2,2,180,2,0,0,0,0,0,0,1,0,0,0,0,0,0,Matches,,,,
123,Cuiabano,br BRA,DF,br Botafogo (RJ),22-126,2003,2,0,45,0.5,0,0,0,0,0,0,1,0,0,0,0,0,0,Matches,,,,
124,Keanu Cupido,za RSA,DF,za Sundowns,27-158,1998,1,1,84,0.9,0,0,0,0,0,0,0,0,0,0,0,0,0,Matches,,,,
125,Adam Daghim,dk DEN,FW,at RB Salzburg,19-267,2005,1,0,12,0.1,0,0,0,0,0,0,0,0,0,0,0,0,0,Matches,,,,
Rk,Player,Nation,Pos,Squad,Age,Born,MP,Starts,Min,90s,Gls,Ast,G+A,G-PK,PK,PKatt,CrdY,CrdR,Gls,Ast,G+A,G-PK,G+A-PK,Matches,,,,
126,Samuel Dahl,se SWE,DF,pt Benfica,25-110,2000,2,1,90,1,0,0,0,0,0,0,0,0,0,0,0,0,0,Matches,,,,
127,Danilo,br BRA,DF,br Flamengo,33-342,1991,1,1,90,1,1,0,1,1,0,0,0,0,1,0,1,1,1,Matches,,,,
128,Achraf Dari,ma MAR,DF,eg Al Ahly,26-047,1999,2,2,151,1.7,0,0,0,0,0,0,0,0,0,0,0,0,0,Matches,,,,
129,Matteo Darmian,it ITA,MF,it Inter,35-202,1989,1,1,90,1,0,0,0,0,0,0,0,0,0,0,0,0,0,Matches,,,,
130,Nasser Al-Dawsari,sa KSA,MF,sa Al-Hilal,26-185,1998,1,1,75,0.8,0,0,0,0,0,0,0,0,0,0,0,0,0,Matches,,,,
131,Salem Al-Dawsari,sa KSA,MF,sa Al-Hilal,33-307,1991,1,1,90,1,0,0,0,0,0,0,0,0,0,0,0,0,0,Matches,,,,
132,Giorgian De Arrascaeta,uy URU,MF,br Flamengo,31-021,1994,2,2,127,1.4,1,0,1,1,0,0,0,0,0.71,0,0.71,0.71,0.71,Matches,,,,
133,Pedro De la Vega,ar ARG,MF,us Seattle Sounders,24-135,2001,2,1,79,0.9,0,0,0,0,0,0,0,0,0,0,0,0,0,Matches,,,,
134,Rodrigo De Paul,ar ARG,MF,es Atlético Madrid,31-029,1994,2,2,126,1.4,0,0,0,0,0,0,1,0,0,0,0,0,0,Matches,,,,
135,Osaze De Rosario,gy GUY,FW,us Seattle Sounders,23-338,2001,1,0,7,0.1,0,0,0,0,0,0,0,0,0,0,0,0,0,Matches,,,,
136,Liam Delap,eng ENG,FW,eng Chelsea,22-134,2003,2,1,90,1,0,1,1,0,0,0,1,0,0,1,1,0,1,Matches,,,,
137,Marky Delgado,us USA,MF,us LAFC,30-037,1995,2,2,166,1.8,0,0,0,0,0,0,0,0,0,0,0,0,0,Matches,,,,
138,Michael den Heijer,nz NZL,DF,nz Auckland City,29-069,1996,2,2,159,1.8,0,0,0,0,0,0,0,0,0,0,0,0,0,Matches,,,,
139,Nelson Deossa,co COL,MF,mx Monterrey,25-136,2000,1,0,33,0.4,0,0,0,0,0,0,0,0,0,0,0,0,0,Matches,,,,
140,Michele Di Gregorio,it ITA,GK,it Juventus,27-330,1997,1,1,90,1,0,0,0,0,0,0,0,0,0,0,0,0,0,Matches,,,,
141,Lautaro Di Lollo,ar ARG,DF,ar Boca Juniors,21-104,2004,1,1,90,1,0,0,0,0,0,0,1,0,0,0,0,0,0,Matches,,,,
142,Ángel Di María,ar ARG,"MF,FW",pt Benfica,37-128,1988,2,2,166,1.8,3,0,3,0,3,3,0,0,1.63,0,1.63,0,0,Matches,,,,
143,Soumaïla Diabaté,ml MLI,MF,at RB Salzburg,20-212,2004,1,0,36,0.4,0,0,0,0,0,0,0,0,0,0,0,0,0,Matches,,,,
144,Brahim Díaz,ma MAR,"FW,MF",es Real Madrid,25-323,1999,1,0,26,0.3,0,0,0,0,0,0,0,0,0,0,0,0,0,Matches,,,,
145,Javairô Dilrosun,nl NED,"FW,MF",us LAFC,27-000,1998,1,0,45,0.5,0,0,0,0,0,0,0,0,0,0,0,0,0,Matches,,,,
146,Federico Dimarco,it ITA,"DF,MF",it Inter,27-224,1997,1,0,22,0.2,0,0,0,0,0,0,0,0,0,0,0,0,0,Matches,,,,
147,Jeremy Doku,be BEL,FW,eng Manchester City,23-026,2002,1,1,59,0.7,1,0,1,1,0,0,0,0,1.53,0,1.53,1.53,1.53,Matches,,,,
148,Alexei Dominguez,mx MEX,MF,mx Pachuca,20-170,2005,1,1,87,1,0,0,0,0,0,0,0,0,0,0,0,0,0,Matches,,,,
149,Gianluigi Donnarumma,it ITA,GK,fr Paris S-G,26-117,1999,2,2,180,2,0,0,0,0,0,0,0,0,0,0,0,0,0,Matches,,,,
150,Nene Dorgeles,ml MLI,MF,at RB Salzburg,22-181,2002,1,1,90,1,0,0,0,0,0,0,0,0,0,0,0,0,0,Matches,,,,
Rk,Player,Nation,Pos,Squad,Age,Born,MP,Starts,Min,90s,Gls,Ast,G+A,G-PK,PK,PKatt,CrdY,CrdR,Gls,Ast,G+A,G-PK,G+A-PK,Matches,,,,
151,Désiré Doué,fr FRA,FW,fr Paris S-G,20-019,2005,2,2,157,1.7,0,0,0,0,0,0,0,0,0,0,0,0,0,Matches,,,,
152,Sebastián Driussi,ar ARG,FW,ar River Plate,29-133,1996,1,1,50,0.6,1,0,1,1,0,0,0,0,1.8,0,1.8,1.8,1.8,Matches,,,,
153,Jeremy Ebobisse,us USA,FW,us LAFC,28-128,1997,2,1,48,0.5,0,0,0,0,0,0,0,0,0,0,0,0,0,Matches,,,,
154,Ederson,br BRA,GK,eng Manchester City,31-309,1993,1,1,90,1,0,0,0,0,0,0,0,0,0,0,0,0,0,Matches,,,,
155,Matt Ellis,nz NZL,MF,nz Auckland City,24-115,2001,1,0,31,0.3,0,0,0,0,0,0,0,0,0,0,0,0,0,Matches,,,,
156,Erick,br BRA,FW,kr Ulsan HD,28-170,1997,1,1,90,1,0,0,0,0,0,0,0,0,0,0,0,0,0,Matches,,,,
157,Sebastiano Esposito,it ITA,FW,it Inter,22-355,2002,1,1,58,0.6,0,0,0,0,0,0,0,0,0,0,0,0,0,Matches,,,,
158,Dario Essugo,pt POR,MF,eng Chelsea,20-100,2005,1,0,8,0.1,0,0,0,0,0,0,0,0,0,0,0,0,0,Matches,,,,
159,Stephen Eustáquio,ca CAN,MF,pt Porto,28-183,1996,2,0,46,0.5,0,0,0,0,0,0,0,0,0,0,0,0,0,Matches,,,,
160,Lucas Evangelista,br BRA,MF,br Palmeiras,30-047,1995,1,0,4,0,0,0,0,0,0,0,0,0,0,0,0,0,0,Matches,,,,
161,Fábio,br BRA,GK,br Fluminense,44-265,1980,1,1,90,1,0,0,0,0,0,0,0,0,0,0,0,0,0,Matches,,,,
162,Maximiliano Falcón,uy URU,DF,us Inter Miami,28-052,1997,2,2,180,2,0,0,0,0,0,0,0,0,0,0,0,0,0,Matches,,,,
163,Hamdy Fathy,eg EGY,MF,eg Al Ahly,30-266,1994,2,2,151,1.7,0,0,0,0,0,0,1,0,0,0,0,0,0,Matches,,,,
164,Martim Fernandes,pt POR,DF,pt Porto,19-155,2006,2,2,148,1.6,0,0,0,0,0,0,1,0,0,0,0,0,0,Matches,,,,
165,Enzo Fernández,ar ARG,MF,eng Chelsea,24-156,2001,2,1,126,1.4,1,0,1,1,0,0,0,0,0.71,0,0.71,0.71,0.71,Matches,,,,
166,Ignacio Fernández,ar ARG,MF,ar River Plate,35-161,1990,1,1,45,0.5,0,0,0,0,0,0,0,0,0,0,0,0,0,Matches,,,,
167,Jesús Ferreira,us USA,MF,us Seattle Sounders,24-180,2000,2,1,101,1.1,0,0,0,0,0,0,0,0,0,0,0,0,0,Matches,,,,
168,Jorge Figal,ar ARG,DF,ar Boca Juniors,31-080,1994,1,1,87,1,0,0,0,0,0,0,0,1,0,0,0,0,0,Matches,,,,
169,Kodjo Fo-Doh Laba,tg TOG,FW,ae Al Ain FC,33-146,1992,1,1,90,1,0,0,0,0,0,0,0,0,0,0,0,0,0,Matches,,,,
170,Phil Foden,eng ENG,MF,eng Manchester City,25-025,2000,1,1,59,0.7,1,1,2,1,0,0,0,0,1.53,1.53,3.05,1.53,3.05,Matches,,,,
171,André Franco,pt POR,MF,pt Porto,27-071,1998,1,0,9,0.1,0,0,0,0,0,0,0,0,0,0,0,0,0,Matches,,,,
172,Ian Fray,us USA,DF,us Inter Miami,22-295,2002,2,2,168,1.9,0,0,0,0,0,0,0,0,0,0,0,0,0,Matches,,,,
173,Stefan Frei,ch SUI,GK,us Seattle Sounders,39-063,1986,2,2,180,2,0,0,0,0,0,0,0,0,0,0,0,0,0,Matches,,,,
174,Marlon Freitas,br BRA,MF,br Botafogo (RJ),30-087,1995,2,2,175,1.9,0,0,0,0,0,0,0,0,0,0,0,0,0,Matches,,,,
175,Juan Freytes,ar ARG,DF,br Fluminense,25-162,2000,1,1,90,1,0,0,0,0,0,0,0,0,0,0,0,0,0,Matches,,,,
Rk,Player,Nation,Pos,Squad,Age,Born,MP,Starts,Min,90s,Gls,Ast,G+A,G-PK,PK,PKatt,CrdY,CrdR,Gls,Ast,G+A,G-PK,G+A-PK,Matches,,,,
176,Eduardo Gabriel,br BRA,DF,mx Pachuca,29-129,1996,1,1,90,1,0,0,0,0,0,0,0,0,0,0,0,0,0,Matches,,,,
177,Kouakou Gadou,fr FRA,DF,at RB Salzburg,18-156,2007,1,1,90,1,0,0,0,0,0,0,0,0,0,0,0,0,0,Matches,,,,
178,Javi Galán,es ESP,DF,es Atlético Madrid,30-215,1994,2,2,151,1.7,0,0,0,0,0,0,0,0,0,0,0,0,0,Matches,,,,
179,Conor Gallagher,eng ENG,MF,es Atlético Madrid,25-136,2000,2,0,54,0.6,0,0,0,0,0,0,1,0,0,0,0,0,0,Matches,,,,
180,Giuliano Galoppo,ar ARG,MF,ar River Plate,26-004,1999,1,0,45,0.5,0,0,0,0,0,0,1,0,0,0,0,0,0,Matches,,,,
181,Fran Garcia,es ESP,DF,es Real Madrid,25-312,1999,1,1,90,1,0,0,0,0,0,0,0,0,0,0,0,0,0,Matches,,,,
182,Gonzalo García,es ESP,FW,es Real Madrid,21-090,2004,1,1,90,1,1,0,1,1,0,0,0,0,1,0,1,1,1,Matches,,,,
183,Gerard Garriga,es ESP,MF,nz Auckland City,32-025,1993,2,1,110,1.2,0,0,0,0,0,0,0,0,0,0,0,0,0,Matches,,,,
184,Nathan Garrow,nz NZL,GK,nz Auckland City,20-205,2004,1,1,90,1,0,0,0,0,0,0,0,0,0,0,0,0,0,Matches,,,,
185,Federico Gatti,it ITA,DF,it Juventus,26-363,1998,1,0,20,0.2,0,0,0,0,0,0,1,0,0,0,0,0,0,Matches,,,,
186,Tyrique George,eng ENG,FW,eng Chelsea,19-138,2006,1,0,27,0.3,0,0,0,0,0,0,0,0,0,0,0,0,0,Matches,,,,
187,Gerson,br BRA,MF,br Flamengo,28-033,1997,2,2,145,1.6,0,0,0,0,0,0,1,0,0,0,0,0,0,Matches,,,,
188,Agustín Giay,ar ARG,DF,br Palmeiras,21-157,2004,2,2,180,2,0,0,0,0,0,0,1,0,0,0,0,0,0,Matches,,,,
189,Milton Giménez,ar ARG,FW,ar Boca Juniors,28-314,1996,2,0,55,0.6,0,0,0,0,0,0,0,0,0,0,0,0,0,Matches,,,,
190,Olivier Giroud,fr FRA,FW,us LAFC,38-265,1986,2,1,132,1.5,0,0,0,0,0,0,0,0,0,0,0,0,0,Matches,,,,
191,Jamie Gittens,eng ENG,"FW,MF",de Dortmund,20-318,2004,1,0,14,0.2,0,0,0,0,0,0,0,0,0,0,0,0,0,Matches,,,,
192,Oscar Gloukh,il ISR,MF,at RB Salzburg,21-082,2004,1,1,78,0.9,1,0,1,1,0,0,0,0,1.15,0,1.15,1.15,1.15,Matches,,,,
193,Serge Gnabry,de GER,FW,de Bayern Munich,29-343,1995,2,1,101,1.1,0,1,1,0,0,0,0,0,0,0.89,0.89,0,0.89,Matches,,,,
194,William Gomes,br BRA,FW,pt Porto,19-099,2006,1,0,17,0.2,0,0,0,0,0,0,0,0,0,0,0,0,0,Matches,,,,
195,Gustavo Gómez,py PAR,DF,br Palmeiras,32-047,1993,2,2,180,2,0,0,0,0,0,0,1,0,0,0,0,0,0,Matches,,,,
196,Bryan González,mx MEX,DF,mx Pachuca,22-073,2003,1,1,90,1,1,0,1,1,0,0,0,0,1,0,1,1,1,Matches,,,,
197,Leon Goretzka,de GER,MF,de Bayern Munich,30-136,1995,1,1,56,0.6,0,0,0,0,0,0,1,0,0,0,0,0,0,Matches,,,,
198,Tiago Gouveia,pt POR,"FW,MF",pt Benfica,24-004,2001,1,0,20,0.2,0,1,1,0,0,0,0,0,0,4.5,4.5,0,4.5,Matches,,,,
199,Nejc Gradišar,si SVN,FW,eg Al Ahly,22-320,2002,2,0,41,0.5,0,0,0,0,0,0,0,0,0,0,0,0,0,Matches,,,,
200,Christian Gray,nz NZL,DF,nz Auckland City,28-205,1996,1,0,12,0.1,0,0,0,0,0,0,0,0,0,0,0,0,0,Matches,,,,
Rk,Player,Nation,Pos,Squad,Age,Born,MP,Starts,Min,90s,Gls,Ast,G+A,G-PK,PK,PKatt,CrdY,CrdR,Gls,Ast,G+A,G-PK,G+A-PK,Matches,,,,
201,Gregore,br BRA,MF,br Botafogo (RJ),31-112,1994,2,2,180,2,0,0,0,0,0,0,1,0,0,0,0,0,0,Matches,,,,
202,Antoine Griezmann,fr FRA,FW,es Atlético Madrid,34-093,1991,2,1,115,1.3,0,0,0,0,0,0,0,0,0,0,0,0,0,Matches,,,,
203,Pascal Groß,de GER,MF,de Dortmund,34-007,1991,1,1,58,0.6,0,0,0,0,0,0,0,0,0,0,0,0,0,Matches,,,,
204,Khalil Guenichi,tn TUN,MF,tn Espérance Tunis,22-193,2002,2,2,164,1.8,0,0,0,0,0,0,1,0,0,0,0,0,0,Matches,,,,
205,Raphaël Guerreiro,pt POR,DF,de Bayern Munich,31-182,1993,2,2,126,1.4,0,0,0,0,0,0,0,0,0,0,0,0,0,Matches,,,,
206,Serhou Guirassy,gn GUI,FW,de Dortmund,29-102,1996,1,1,90,1,0,0,0,0,0,0,0,0,0,0,0,0,0,Matches,,,,
207,Marc Guiu,es ESP,FW,eng Chelsea,19-169,2006,1,0,9,0.1,0,0,0,0,0,0,0,0,0,0,0,0,0,Matches,,,,
208,Deniz Gül,tr TUR,FW,pt Porto,20-355,2004,1,0,4,0,0,0,0,0,0,0,0,0,0,0,0,0,0,Matches,,,,
209,Arda Güler,tr TUR,MF,es Real Madrid,20-117,2005,1,0,45,0.5,0,0,0,0,0,0,0,0,0,0,0,0,0,Matches,,,,
210,İlkay Gündoğan,de GER,MF,eng Manchester City,34-241,1990,1,0,22,0.2,0,0,0,0,0,0,0,0,0,0,0,0,0,Matches,,,,
211,Samuel Gustafson,se SWE,MF,jp Urawa Reds,30-162,1995,1,1,86,1,0,0,0,0,0,0,1,0,0,0,0,0,0,Matches,,,,
212,Malo Gusto,fr FRA,DF,eng Chelsea,22-034,2003,2,1,135,1.5,0,0,0,0,0,0,0,0,0,0,0,0,0,Matches,,,,
213,Víctor Guzmán,mx MEX,DF,mx Monterrey,23-107,2002,1,1,90,1,0,0,0,0,0,0,0,0,0,0,0,0,0,Matches,,,,
214,Erling Haaland,no NOR,"FW,MF",eng Manchester City,24-336,2000,1,0,31,0.3,0,0,0,0,0,0,0,0,0,0,0,0,0,Matches,,,,
215,Achraf Hakimi,ma MAR,DF,fr Paris S-G,26-230,1998,2,2,180,2,0,0,0,0,0,0,0,0,0,0,0,0,0,Matches,,,,
216,Mohamed Amine Ben Hamida,tn TUN,DF,tn Espérance Tunis,29-189,1995,2,2,180,2,0,0,0,0,0,0,0,0,0,0,0,0,0,Matches,,,,
217,Mohamed Hany,eg EGY,DF,eg Al Ahly,29-148,1996,2,2,180,2,0,0,0,0,0,0,0,0,0,0,0,0,0,Matches,,,,
218,Genki Haraguchi,jp JPN,"FW,MF",jp Urawa Reds,34-044,1991,1,0,4,0,0,0,0,0,0,0,0,0,0,0,0,0,0,Matches,,,,
219,Moteb Al-Harbi,sa KSA,DF,sa Al-Hilal,,,1,0,8,0.1,0,0,0,0,0,0,1,0,0,0,0,0,0,Matches,,,,
220,Bruno Henrique,br BRA,"FW,MF",br Flamengo,34-174,1990,2,0,61,0.7,1,1,2,1,0,0,1,0,1.48,1.48,2.95,1.48,2.95,Matches,,,,
221,Luis Henrique,br BRA,"DF,FW",it Inter,23-190,2001,1,0,33,0.4,0,0,0,0,0,0,0,0,0,0,0,0,0,Matches,,,,
222,Hércules,br BRA,MF,br Fluminense,24-245,2000,1,1,90,1,0,0,0,0,0,0,0,0,0,0,0,0,0,Matches,,,,
223,Lucas Hernández,fr FRA,DF,fr Paris S-G,29-128,1996,2,1,65,0.7,0,0,0,0,0,0,0,0,0,0,0,0,0,Matches,,,,
224,Ander Herrera,es ESP,MF,ar Boca Juniors,35-312,1989,1,1,19,0.2,0,0,0,0,0,0,0,1,0,0,0,0,0,Matches,,,,
225,Ryan Hollingshead,us USA,DF,us LAFC,34-067,1991,2,2,170,1.9,0,0,0,0,0,0,0,0,0,0,0,0,0,Matches,,,,
Rk,Player,Nation,Pos,Squad,Age,Born,MP,Starts,Min,90s,Gls,Ast,G+A,G-PK,PK,PKatt,CrdY,CrdR,Gls,Ast,G+A,G-PK,G+A-PK,Matches,,,,
226,Santiago Homenchenko,uy URU,MF,mx Pachuca,21-296,2003,1,0,14,0.2,0,0,0,0,0,0,0,0,0,0,0,0,0,Matches,,,,
227,Lee Huigyun,kr KOR,"FW,MF",kr Ulsan HD,27-054,1998,1,0,18,0.2,0,0,0,0,0,0,0,0,0,0,0,0,0,Matches,,,,
228,Dean Huijsen,es ESP,DF,es Real Madrid,20-069,2005,1,1,90,1,0,0,0,0,0,0,0,0,0,0,0,0,0,Matches,,,,
229,Avilés Hurtado,co COL,"FW,MF",mx Pachuca,38-063,1987,1,0,3,0,0,0,0,0,0,0,0,0,0,0,0,0,0,Matches,,,,
230,Jo Hyeon-woo,kr KOR,GK,kr Ulsan HD,33-270,1991,1,1,90,1,0,0,0,0,0,0,0,0,0,0,0,0,0,Matches,,,,
231,Marius Høibråten,no NOR,DF,jp Urawa Reds,30-150,1995,1,1,90,1,0,0,0,0,0,0,0,0,0,0,0,0,0,Matches,,,,
232,Yasser Ibrahim,eg EGY,DF,eg Al Ahly,32-132,1993,2,2,180,2,0,0,0,0,0,0,0,0,0,0,0,0,0,Matches,,,,
233,Igor,br BRA,MF,us LAFC,22-107,2003,2,2,170,1.9,0,0,0,0,0,0,0,0,0,0,0,0,0,Matches,,,,
234,Mario Ilich,nz NZL,MF,nz Auckland City,29-364,1995,2,2,149,1.7,0,0,0,0,0,0,0,0,0,0,0,0,0,Matches,,,,
235,Hirokazu Ishihara,jp JPN,DF,jp Urawa Reds,26-116,1999,1,1,90,1,0,0,0,0,0,0,0,0,0,0,0,0,0,Matches,,,,
236,Nicolas Jackson,sn SEN,FW,eng Chelsea,24-002,2001,2,1,67,0.7,0,1,1,0,0,0,0,1,0,1.34,1.34,0,1.34,Matches,,,,
237,Reece James,eng ENG,"MF,DF",eng Chelsea,25-196,1999,2,2,108,1.2,0,0,0,0,0,0,1,0,0,0,0,0,0,Matches,,,,
238,Adis Jasic,at AUT,"DF,MF",ae Al Ain FC,22-130,2003,1,0,14,0.2,0,0,0,0,0,0,0,0,0,0,0,0,0,Matches,,,,
239,Chiheb Jebali,tn TUN,MF,tn Espérance Tunis,29-027,1996,1,1,45,0.5,0,0,0,0,0,0,0,0,0,0,0,0,0,Matches,,,,
240,Achref Jebri,tn TUN,FW,tn Espérance Tunis,23-178,2001,2,0,45,0.5,0,0,0,0,0,0,0,0,0,0,0,0,0,Matches,,,,
241,Hamza Jelassi,tn TUN,DF,tn Espérance Tunis,33-266,1991,1,0,1,0,0,0,0,0,0,0,0,0,0,0,0,0,0,Matches,,,,
242,Igor Jesus,br BRA,FW,br Botafogo (RJ),24-117,2001,2,2,175,1.9,2,0,2,2,0,0,0,0,1.03,0,1.03,1.03,1.03,Matches,,,,
243,Lee Jin-hyun,kr KOR,MF,kr Ulsan HD,27-300,1997,1,0,18,0.2,0,0,0,0,0,0,0,0,0,0,0,0,0,Matches,,,,
244,John,br BRA,GK,br Botafogo (RJ),29-129,1996,2,2,180,2,0,0,0,0,0,0,0,0,0,0,0,0,0,Matches,,,,
245,Jorginho,it ITA,MF,br Flamengo,33-184,1991,2,2,163,1.8,0,1,1,0,0,0,0,0,0,0.55,0.55,0,0.55,Matches,,,,
246,Vinicius Júnior,br BRA,MF,es Real Madrid,24-345,2000,1,1,79,0.9,0,0,0,0,0,0,1,0,0,0,0,0,0,Matches,,,,
247,Musab Al Juwayr,sa KSA,MF,sa Al-Hilal,22-002,2003,1,0,8,0.1,0,0,0,0,0,0,0,0,0,0,0,0,0,Matches,,,,
248,Kaku,py PAR,MF,ae Al Ain FC,30-162,1995,1,1,76,0.8,0,0,0,0,0,0,0,0,0,0,0,0,0,Matches,,,,
249,Pierre Kalulu,fr FRA,DF,it Juventus,25-017,2000,1,1,90,1,0,1,1,0,0,0,0,0,0,1,1,0,1,Matches,,,,
250,Harry Kane,eng ENG,FW,de Bayern Munich,31-329,1993,2,2,150,1.7,1,1,2,1,0,0,0,0,0.6,0.6,1.2,0.6,1.2,Matches,,,,
Rk,Player,Nation,Pos,Squad,Age,Born,MP,Starts,Min,90s,Gls,Ast,G+A,G-PK,PK,PKatt,CrdY,CrdR,Gls,Ast,G+A,G-PK,G+A-PK,Matches,,,,
251,Takuro Kaneko,jp JPN,MF,jp Urawa Reds,27-327,1997,1,1,70,0.8,0,0,0,0,0,0,0,0,0,0,0,0,0,Matches,,,,
252,Lee Kang-in,kr KOR,"FW,MF",fr Paris S-G,24-123,2001,2,0,31,0.3,1,0,1,0,1,1,0,0,2.9,0,2.9,0,0,Matches,,,,
253,Mohamed Kanno,sa KSA,MF,sa Al-Hilal,30-273,1994,1,0,15,0.2,0,0,0,0,0,0,0,0,0,0,0,0,0,Matches,,,,
254,Abdoul Karim Traoré,ml MLI,DF,ae Al Ain FC,20-162,2005,1,1,90,1,0,0,0,0,0,0,1,0,0,0,0,0,0,Matches,,,,
255,Lennart Karl,de GER,MF,de Bayern Munich,17-120,2008,1,0,45,0.5,0,0,0,0,0,0,0,0,0,0,0,0,0,Matches,,,,
256,Kim Kee-hee,kr KOR,DF,us Seattle Sounders,35-344,1989,1,1,45,0.5,0,0,0,0,0,0,0,0,0,0,0,0,0,Matches,,,,
257,Grant Kekana,za RSA,DF,za Sundowns,32-234,1992,1,1,90,1,0,0,0,0,0,0,0,0,0,0,0,0,0,Matches,,,,
258,Lloyd Kelly,eng ENG,DF,it Juventus,26-259,1998,1,1,90,1,0,0,0,0,0,0,0,0,0,0,0,0,0,Matches,,,,
259,Kenedy,br BRA,MF,mx Pachuca,29-134,1996,1,1,76,0.8,0,0,0,0,0,0,0,0,0,0,0,0,0,Matches,,,,
260,John Kennedy,br BRA,FW,mx Pachuca,23-035,2002,1,0,36,0.4,0,0,0,0,0,0,0,0,0,0,0,0,0,Matches,,,,
261,Ryan Kent,eng ENG,MF,us Seattle Sounders,28-223,1996,2,1,101,1.1,0,0,0,0,0,0,0,0,0,0,0,0,0,Matches,,,,
262,Angus Kilkolly,nz NZL,FW,nz Auckland City,29-065,1996,1,0,20,0.2,0,0,0,0,0,0,0,0,0,0,0,0,0,Matches,,,,
263,Joshua Kimmich,de GER,MF,de Bayern Munich,30-134,1995,2,2,180,2,0,0,0,0,0,0,0,0,0,0,0,0,0,Matches,,,,
264,Gregor Kobel,ch SUI,GK,de Dortmund,27-198,1997,1,1,90,1,0,0,0,0,0,0,0,0,0,0,0,0,0,Matches,,,,
265,Orkun Kökçü,tr TUR,MF,pt Benfica,24-175,2000,2,1,90,1,0,2,2,0,0,0,1,0,0,2,2,0,2,Matches,,,,
266,Koke,es ESP,MF,es Atlético Madrid,33-165,1992,2,1,114,1.3,0,0,0,0,0,0,1,0,0,0,0,0,0,Matches,,,,
267,Randal Kolo Muani,fr FRA,FW,it Juventus,26-199,1998,1,1,70,0.8,2,0,2,2,0,0,0,0,2.57,0,2.57,2.57,2.57,Matches,,,,
268,Abdramane Konaté,ci CIV,MF,tn Espérance Tunis,18-362,2006,2,1,120,1.3,0,0,0,0,0,0,0,0,0,0,0,0,0,Matches,,,,
269,Teun Koopmeiners,nl NED,"DF,MF",it Juventus,27-114,1998,1,0,30,0.3,0,0,0,0,0,0,0,0,0,0,0,0,0,Matches,,,,
270,Kouame Kouadio,ae UAE,DF,ae Al Ain FC,24-273,2000,1,1,67,0.7,0,0,0,0,0,0,0,0,0,0,0,0,0,Matches,,,,
271,Kalidou Koulibaly,sn SEN,DF,sa Al-Hilal,34-002,1991,1,1,90,1,0,0,0,0,0,0,0,0,0,0,0,0,0,Matches,,,,
272,Frans Krätzig,de GER,DF,at RB Salzburg,22-159,2003,1,1,87,1,0,0,0,0,0,0,0,0,0,0,0,0,0,Matches,,,,
273,Khvicha Kvaratskhelia,ge GEO,FW,fr Paris S-G,24-130,2001,2,2,161,1.8,0,2,2,0,0,0,0,0,0,1.12,1.12,0,1.12,Matches,,,,
274,Matías Lacava,ve VEN,MF,kr Ulsan HD,22-241,2002,1,0,27,0.3,0,0,0,0,0,0,0,0,0,0,0,0,0,Matches,,,,
275,Jerson Lagos,co COL,DF,nz Auckland City,23-162,2002,2,1,115,1.3,0,0,0,0,0,0,0,0,0,0,0,0,0,Matches,,,,
Rk,Player,Nation,Pos,Squad,Age,Born,MP,Starts,Min,90s,Gls,Ast,G+A,G-PK,PK,PKatt,CrdY,CrdR,Gls,Ast,G+A,G-PK,G+A-PK,Matches,,,,
276,Konrad Laimer,at AUT,DF,de Bayern Munich,28-026,1997,1,1,90,1,0,0,0,0,0,0,0,0,0,0,0,0,0,Matches,,,,
277,Stefan Lainer,at AUT,DF,at RB Salzburg,32-299,1992,1,1,90,1,0,0,0,0,0,0,0,0,0,0,0,0,0,Matches,,,,
278,Roméo Lavia,be BEL,MF,eng Chelsea,21-167,2004,2,1,72,0.8,0,0,0,0,0,0,0,0,0,0,0,0,0,Matches,,,,
279,Robin Le Normand,es ESP,DF,es Atlético Madrid,28-223,1996,2,2,180,2,0,1,1,0,0,0,1,0,0,0.5,0.5,0,0.5,Matches,,,,
280,Clément Lenglet,fr FRA,DF,es Atlético Madrid,30-005,1995,1,1,77,0.9,0,0,0,0,0,0,2,1,0,0,0,0,0,Matches,,,,
281,Marcos Leonardo,br BRA,FW,sa Al-Hilal,22-051,2003,1,1,82,0.9,0,0,0,0,0,0,0,0,0,0,0,0,0,Matches,,,,
282,Rico Lewis,eng ENG,DF,eng Manchester City,20-213,2004,1,1,87,1,0,0,0,0,0,0,0,1,0,0,0,0,0,Matches,,,,
283,Lima,br BRA,"FW,MF",br Fluminense,29-011,1996,1,0,15,0.2,0,0,0,0,0,0,0,0,0,0,0,0,0,Matches,,,,
284,Samuel Lino,br BRA,MF,es Atlético Madrid,25-181,1999,1,1,45,0.5,0,0,0,0,0,0,0,0,0,0,0,0,0,Matches,,,,
285,Marcos Llorente,es ESP,DF,es Atlético Madrid,30-143,1995,2,2,180,2,0,0,0,0,0,0,0,0,0,0,0,0,0,Matches,,,,
286,Hugo Lloris,fr FRA,GK,us LAFC,38-178,1986,2,2,180,2,0,0,0,0,0,0,0,0,0,0,0,0,0,Matches,,,,
287,Nathan Lobo,nz NZL,DF,nz Auckland City,22-188,2002,1,1,65,0.7,0,0,0,0,0,0,0,0,0,0,0,0,0,Matches,,,,
288,Renan Lodi,br BRA,DF,sa Al-Hilal,27-075,1998,1,1,82,0.9,0,0,0,0,0,0,0,0,0,0,0,0,0,Matches,,,,
289,Aaron Long,us USA,DF,us LAFC,32-253,1992,2,2,180,2,0,0,0,0,0,0,0,0,0,0,0,0,0,Matches,,,,
290,José López,ar ARG,FW,br Palmeiras,24-198,2000,2,0,59,0.7,1,0,1,1,0,0,0,0,1.53,0,1.53,1.53,1.53,Matches,,,,
291,Thembinkosi Lorch,za RSA,MF,ma Wydad AC,31-335,1993,1,1,83,0.9,0,0,0,0,0,0,0,0,0,0,0,0,0,Matches,,,,
292,Ayrton Lucas,br BRA,DF,br Flamengo,28-003,1997,2,2,180,2,0,0,0,0,0,0,0,0,0,0,0,0,0,Matches,,,,
293,Gustav Ludwigson,se SWE,DF,kr Ulsan HD,31-245,1993,1,1,90,1,0,0,0,0,0,0,0,0,0,0,0,0,0,Matches,,,,
294,Florentino Luís,pt POR,MF,pt Benfica,25-307,1999,1,1,89,1,0,0,0,0,0,0,0,0,0,0,0,0,0,Matches,,,,
295,Douglas Luiz,br BRA,MF,it Juventus,27-044,1998,1,0,45,0.5,0,0,0,0,0,0,0,0,0,0,0,0,0,Matches,,,,
296,Divine Lunga,zw ZIM,DF,za Sundowns,30-025,1995,1,1,90,1,0,0,0,0,0,0,0,0,0,0,0,0,0,Matches,,,,
297,Noni Madueke,eng ENG,MF,eng Chelsea,23-104,2002,2,1,72,0.8,0,0,0,0,0,0,0,0,0,0,0,0,0,Matches,,,,
298,Cassius Mailula,za RSA,FW,ma Wydad AC,24-010,2001,1,1,45,0.5,0,0,0,0,0,0,1,0,0,0,0,0,0,Matches,,,,
299,Malcom,br BRA,MF,sa Al-Hilal,28-116,1997,1,1,63,0.7,0,0,0,0,0,0,0,0,0,0,0,0,0,Matches,,,,
300,Mickael Malsa,mq MTQ,MF,ma Wydad AC,29-253,1995,1,0,29,0.3,0,0,0,0,0,0,0,0,0,0,0,0,0,Matches,,,,
Rk,Player,Nation,Pos,Squad,Age,Born,MP,Starts,Min,90s,Gls,Ast,G+A,G-PK,PK,PKatt,CrdY,CrdR,Gls,Ast,G+A,G-PK,G+A-PK,Matches,,,,
301,Reinildo Mandava,mz MOZ,DF,es Atlético Madrid,31-152,1994,1,0,29,0.3,0,0,0,0,0,0,1,0,0,0,0,0,0,Matches,,,,
302,Dylan Manickum,nz NZL,MF,nz Auckland City,33-006,1992,2,1,100,1.1,0,0,0,0,0,0,0,0,0,0,0,0,0,Matches,,,,
303,Jackson Manuel,nz NZL,MF,nz Auckland City,22-118,2003,1,0,31,0.3,0,0,0,0,0,0,0,0,0,0,0,0,0,Matches,,,,
304,Iván Marcano,es ESP,DF,pt Porto,37-364,1987,2,2,176,2,0,0,0,0,0,0,0,0,0,0,0,0,0,Matches,,,,
305,Agustín Marchesín,ar ARG,GK,ar Boca Juniors,37-098,1988,2,2,180,2,0,0,0,0,0,0,0,0,0,0,0,0,0,Matches,,,,
306,José María Giménez,uy URU,DF,es Atlético Madrid,30-153,1995,1,1,45,0.5,0,0,0,0,0,0,0,0,0,0,0,0,0,Matches,,,,
307,João Mário Lopes,pt POR,MF,pt Porto,25-170,2000,2,2,167,1.9,0,0,0,0,0,0,0,0,0,0,0,0,0,Matches,,,,
308,Marlon,br BRA,"DF,MF",us LAFC,29-288,1995,2,0,14,0.2,0,0,0,0,0,0,0,0,0,0,0,0,0,Matches,,,,
309,Omar Marmoush,eg EGY,FW,eng Manchester City,26-135,1999,1,1,68,0.8,0,0,0,0,0,0,0,0,0,0,0,0,0,Matches,,,,
310,Marquinhos,br BRA,DF,fr Paris S-G,31-039,1994,1,1,90,1,0,0,0,0,0,0,1,0,0,0,0,0,0,Matches,,,,
311,Martinelli,br BRA,MF,br Fluminense,24-043,2001,1,1,75,0.8,0,0,0,0,0,0,1,0,0,0,0,0,0,Matches,,,,
312,David Martínez,ve VEN,FW,us LAFC,19-135,2006,2,1,98,1.1,0,0,0,0,0,0,1,0,0,0,0,0,0,Matches,,,,
313,Emiliano Martínez,uy URU,MF,br Palmeiras,25-309,1999,1,0,24,0.3,0,0,0,0,0,0,0,0,0,0,0,0,0,Matches,,,,
314,Lautaro Martínez,ar ARG,FW,it Inter,27-304,1997,1,1,90,1,1,0,1,1,0,0,1,0,1,0,1,1,1,Matches,,,,
315,Lucas Martínez Quarta,ar ARG,DF,ar River Plate,29-043,1996,1,1,90,1,0,0,0,0,0,0,0,0,0,0,0,0,0,Matches,,,,
316,Franco Mastantuono,ar ARG,FW,ar River Plate,17-312,2007,1,1,90,1,0,0,0,0,0,0,0,0,0,0,0,0,0,Matches,,,,
317,Gonzalo Mastriani,uy URU,FW,br Botafogo (RJ),32-055,1993,1,1,45,0.5,0,0,0,0,0,0,0,0,0,0,0,0,0,Matches,,,,
318,Taishi Matsumoto,jp JPN,MF,jp Urawa Reds,27-061,1998,1,0,10,0.1,0,0,0,0,0,0,0,0,0,0,0,0,0,Matches,,,,
319,Yusuke Matsuo,jp JPN,FW,jp Urawa Reds,27-334,1997,1,1,90,1,1,0,1,0,1,1,0,0,1,0,1,0,0,Matches,,,,
320,Tashreeq Matthews,za RSA,"FW,MF",za Sundowns,24-283,2000,1,0,26,0.3,0,0,0,0,0,0,0,0,0,0,0,0,0,Matches,,,,
321,Mauricio,br BRA,MF,br Palmeiras,24-031,2001,2,1,109,1.2,0,1,1,0,0,0,0,0,0,0.83,0.83,0,0.83,Matches,,,,
322,Senny Mayulu,fr FRA,MF,fr Paris S-G,19-036,2006,2,1,80,0.9,1,0,1,1,0,0,0,0,1.13,0,1.13,1.13,1.13,Matches,,,,
323,Ibrahim Mbaye,fr FRA,FW,fr Paris S-G,17-149,2008,1,0,11,0.1,0,0,0,0,0,0,0,0,0,0,0,0,0,Matches,,,,
324,Weston McKennie,us USA,MF,it Juventus,26-298,1998,1,1,90,1,0,0,0,0,0,0,1,0,0,0,0,0,0,Matches,,,,
325,Stefan Medina,co COL,DF,mx Monterrey,33-008,1992,1,1,90,1,0,0,0,0,0,0,0,0,0,0,0,0,0,Matches,,,,
Rk,Player,Nation,Pos,Squad,Age,Born,MP,Starts,Min,90s,Gls,Ast,G+A,G-PK,PK,PKatt,CrdY,CrdR,Gls,Ast,G+A,G-PK,G+A-PK,Matches,,,,
326,El Mehdi Benabid,ma MAR,GK,ma Wydad AC,27-149,1998,1,1,90,1,0,0,0,0,0,0,0,0,0,0,0,0,0,Matches,,,,
327,Bart Meijers,nl NED,DF,ma Wydad AC,28-163,1997,1,1,74,0.8,0,0,0,0,0,0,0,0,0,0,0,0,0,Matches,,,,
328,John Mellberg,se SWE,DF,at RB Salzburg,18-327,2006,1,0,3,0,0,0,0,0,0,0,0,0,0,0,0,0,0,Matches,,,,
329,Nuno Mendes,pt POR,DF,fr Paris S-G,23-003,2002,2,1,115,1.3,0,0,0,0,0,0,0,0,0,0,0,0,0,Matches,,,,
330,Miguel Merentiel,uy URU,FW,ar Boca Juniors,29-118,1996,2,2,143,1.6,2,0,2,2,0,0,0,0,1.26,0,1.26,1.26,1.26,Matches,,,,
331,Yassine Meriah,tn TUN,DF,tn Espérance Tunis,31-355,1993,2,2,180,2,0,0,0,0,0,0,0,0,0,0,0,0,0,Matches,,,,
332,Lionel Messi,ar ARG,FW,us Inter Miami,37-363,1987,2,2,180,2,1,0,1,1,0,0,0,0,0.5,0,0.5,0.5,0.5,Matches,,,,
333,Maximiliano Meza,ar ARG,"FW,MF",ar River Plate,32-189,1992,1,0,45,0.5,1,0,1,1,0,0,0,0,2,0,2,2,2,Matches,,,,
334,Michael,br BRA,"FW,MF",br Flamengo,29-102,1996,2,0,19,0.2,0,0,0,0,0,0,0,0,0,0,0,0,0,Matches,,,,
335,Sergej Milinković-Savić,rs SRB,MF,sa Al-Hilal,30-115,1995,1,1,90,1,0,0,0,0,0,0,0,0,0,0,0,0,0,Matches,,,,
336,Georgi Minoungou,ci CIV,FW,us Seattle Sounders,22-332,2002,1,0,12,0.1,0,0,0,0,0,0,0,0,0,0,0,0,0,Matches,,,,
337,Adam Mitchell,nz NZL,DF,nz Auckland City,29-021,1996,2,2,180,2,0,0,0,0,0,0,0,0,0,0,0,0,0,Matches,,,,
338,Henrikh Mkhitaryan,am ARM,MF,it Inter,36-152,1989,1,1,77,0.9,0,0,0,0,0,0,0,0,0,0,0,0,0,Matches,,,,
339,Luka Modrić,hr CRO,MF,es Real Madrid,39-286,1985,1,0,7,0.1,0,0,0,0,0,0,0,0,0,0,0,0,0,Matches,,,,
340,Taher Mohamed,eg EGY,FW,eg Al Ahly,28-107,1997,1,0,26,0.3,0,0,0,0,0,0,0,0,0,0,0,0,0,Matches,,,,
341,Teboho Mokoena,za RSA,MF,za Sundowns,28-149,1997,1,1,90,1,0,0,0,0,0,0,1,0,0,0,0,0,0,Matches,,,,
342,Elias Mokwana,za RSA,MF,tn Espérance Tunis,25-287,1999,2,1,106,1.2,0,0,0,0,0,0,0,0,0,0,0,0,0,Matches,,,,
343,Nahuel Molina,ar ARG,"DF,MF",es Atlético Madrid,27-077,1998,1,0,9,0.1,0,0,0,0,0,0,0,0,0,0,0,0,0,Matches,,,,
344,Elias Montiel,mx MEX,MF,mx Pachuca,19-258,2005,1,1,87,1,0,0,0,0,0,0,0,0,0,0,0,0,0,Matches,,,,
345,Gonzalo Montiel,ar ARG,DF,ar River Plate,28-172,1997,1,1,90,1,0,0,0,0,0,0,0,0,0,0,0,0,0,Matches,,,,
346,Álvaro Montoro,ar ARG,MF,br Botafogo (RJ),18-066,2007,1,0,14,0.2,0,0,0,0,0,0,0,0,0,0,0,0,0,Matches,,,,
347,Rodrigo Mora,pt POR,"MF,FW",pt Porto,18-048,2007,2,2,166,1.8,0,0,0,0,0,0,0,0,0,0,0,0,0,Matches,,,,
348,Aníbal Moreno,ar ARG,MF,br Palmeiras,26-040,1999,2,2,156,1.7,0,0,0,0,0,0,0,0,0,0,0,0,0,Matches,,,,
349,Carlos Moreno,mx MEX,GK,mx Pachuca,27-144,1998,1,1,90,1,0,0,0,0,0,0,0,0,0,0,0,0,0,Matches,,,,
350,Lebo Mothiba,za RSA,FW,za Sundowns,29-145,1996,1,0,14,0.2,0,0,0,0,0,0,0,0,0,0,0,0,0,Matches,,,,
Rk,Player,Nation,Pos,Squad,Age,Born,MP,Starts,Min,90s,Gls,Ast,G+A,G-PK,PK,PKatt,CrdY,CrdR,Gls,Ast,G+A,G-PK,G+A-PK,Matches,,,,
351,El Mehdi El Moubarik,ma MAR,MF,ma Wydad AC,24-151,2001,1,1,90,1,0,0,0,0,0,0,0,0,0,0,0,0,0,Matches,,,,
352,Fahd Moufi,ma MAR,DF,ma Wydad AC,29-048,1996,1,1,90,1,0,0,0,0,0,0,0,0,0,0,0,0,0,Matches,,,,
353,Mohamed Moufid,ma MAR,DF,ma Wydad AC,25-161,2000,1,1,90,1,0,0,0,0,0,0,0,0,0,0,0,0,0,Matches,,,,
354,Moura,pt POR,MF,pt Porto,25-310,1999,2,2,176,2,0,0,0,0,0,0,0,0,0,0,0,0,0,Matches,,,,
355,Ismail Moutarajji,ma MAR,MF,ma Wydad AC,25-141,2000,1,0,16,0.2,0,0,0,0,0,0,0,0,0,0,0,0,0,Matches,,,,
356,Khuliso Mudau,za RSA,DF,za Sundowns,30-057,1995,1,1,90,1,0,0,0,0,0,0,0,0,0,0,0,0,0,Matches,,,,
357,Thomas Müller,de GER,MF,de Bayern Munich,35-282,1989,2,1,99,1.1,2,1,3,2,0,0,0,0,1.82,0.91,2.73,1.82,2.73,Matches,,,,
358,Víctor Muñoz,es ESP,FW,es Real Madrid,21-344,2003,1,0,11,0.1,0,0,0,0,0,0,0,0,0,0,0,0,0,Matches,,,,
359,Regont Murati,nz NZL,DF,nz Auckland City,29-039,1996,1,1,90,1,0,0,0,0,0,0,0,0,0,0,0,0,0,Matches,,,,
360,Jamal Musiala,de GER,"FW,MF",de Bayern Munich,22-116,2003,2,0,55,0.6,3,0,3,2,1,1,0,0,4.91,0,4.91,3.27,3.27,Matches,,,,
361,Daniel Musovski,us USA,FW,us Seattle Sounders,29-204,1995,2,2,142,1.6,0,0,0,0,0,0,0,0,0,0,0,0,0,Matches,,,,
362,Mothobi Mvala,za RSA,"DF,FW",za Sundowns,31-008,1994,1,0,6,0.1,0,0,0,0,0,0,0,0,0,0,0,0,0,Matches,,,,
363,Seo Myungguan,kr KOR,DF,kr Ulsan HD,22-211,2002,1,1,79,0.9,0,0,0,0,0,0,0,0,0,0,0,0,0,Matches,,,,
364,Ahmed Nabil Koka,eg EGY,DF,eg Al Ahly,23-353,2001,1,1,90,1,0,0,0,0,0,0,0,0,0,0,0,0,0,Matches,,,,
365,Yahia Nader,ae UAE,MF,ae Al Ain FC,26-284,1998,1,0,23,0.3,0,0,0,0,0,0,0,0,0,0,0,0,0,Matches,,,,
366,Yoichi Naganuma,jp JPN,DF,jp Urawa Reds,28-069,1997,1,1,80,0.9,0,0,0,0,0,0,0,0,0,0,0,0,0,Matches,,,,
367,Pedro Neto,pt POR,MF,eng Chelsea,25-105,2000,2,2,180,2,2,0,2,2,0,0,1,0,1,0,1,1,1,Matches,,,,
368,Manuel Neuer,de GER,GK,de Bayern Munich,39-087,1986,2,2,180,2,0,0,0,0,0,0,0,0,0,0,0,0,0,Matches,,,,
369,João Neves,pt POR,MF,fr Paris S-G,20-268,2004,2,1,125,1.4,0,0,0,0,0,0,0,0,0,0,0,0,0,Matches,,,,
370,Rúben Neves,pt POR,MF,sa Al-Hilal,28-101,1997,1,1,90,1,1,0,1,0,1,1,1,0,1,0,1,0,0,Matches,,,,
371,Newton,br BRA,MF,br Botafogo (RJ),25-102,2000,1,0,4,0,0,0,0,0,0,0,0,0,0,0,0,0,0,Matches,,,,
372,Amadou Niang,sn SEN,DF,ae Al Ain FC,19-323,2005,1,0,23,0.3,0,0,0,0,0,0,0,0,0,0,0,0,0,Matches,,,,
373,Gonzalo Nicolás Martínez,ar ARG,"FW,MF",ar River Plate,32-009,1993,1,0,16,0.2,0,0,0,0,0,0,0,0,0,0,0,0,0,Matches,,,,
374,Shusaku Nishikawa,jp JPN,GK,jp Urawa Reds,39-004,1986,1,1,90,1,0,0,0,0,0,0,0,0,0,0,0,0,0,Matches,,,,
375,Christopher Nkunku,fr FRA,"FW,MF",eng Chelsea,27-220,1997,1,0,7,0.1,0,0,0,0,0,0,0,0,0,0,0,0,0,Matches,,,,
Rk,Player,Nation,Pos,Squad,Age,Born,MP,Starts,Min,90s,Gls,Ast,G+A,G-PK,PK,PKatt,CrdY,CrdR,Gls,Ast,G+A,G-PK,G+A-PK,Matches,,,,
376,Felix Nmecha,de GER,MF,de Dortmund,24-255,2000,1,0,32,0.4,0,0,0,0,0,0,0,0,0,0,0,0,0,Matches,,,,
377,Nonato,br BRA,MF,br Fluminense,27-111,1998,1,1,86,1,0,0,0,0,0,0,1,0,0,0,0,0,0,Matches,,,,
378,Matheus Nunes,pt POR,MF,eng Manchester City,26-299,1998,1,0,1,0,0,0,0,0,0,0,0,0,0,0,0,0,0,Matches,,,,
379,Samuel Obeng,gh GHA,FW,ma Wydad AC,28-038,1997,1,0,29,0.3,0,0,0,0,0,0,0,0,0,0,0,0,0,Matches,,,,
380,Jan Oblak,si SVN,GK,es Atlético Madrid,32-166,1993,2,2,180,2,0,0,0,0,0,0,0,0,0,0,0,0,0,Matches,,,,
381,Lucas Ocampos,ar ARG,FW,mx Monterrey,30-346,1994,1,1,89,1,0,0,0,0,0,0,0,0,0,0,0,0,0,Matches,,,,
382,Onuche Ogbelu,ng NGA,MF,tn Espérance Tunis,22-043,2003,2,2,180,2,0,0,0,0,0,0,0,0,0,0,0,0,0,Matches,,,,
383,Takuya Ogiwara,jp JPN,DF,jp Urawa Reds,25-211,1999,1,0,10,0.1,0,0,0,0,0,0,0,0,0,0,0,0,0,Matches,,,,
384,Michael Olise,fr FRA,MF,de Bayern Munich,23-192,2001,2,2,135,1.5,3,2,5,3,0,0,0,0,2,1.33,3.33,2,3.33,Matches,,,,
385,Guilherme Oliveira,br BRA,DF,ma Wydad AC,25-202,1999,1,1,90,1,0,0,0,0,0,0,0,0,0,0,0,0,0,Matches,,,,
386,Samu Omorodion,es ESP,FW,pt Porto,21-048,2004,2,2,180,2,1,0,1,0,1,1,0,0,0.5,0,0.5,0,0,Matches,,,,
387,Karim Onisiwo,at AUT,"FW,MF",at RB Salzburg,33-097,1992,1,0,36,0.4,1,0,1,1,0,0,0,0,2.5,0,2.5,2.5,2.5,Matches,,,,
388,Nathan Ordaz,sv SLV,FW,us LAFC,21-161,2004,1,1,37,0.4,0,0,0,0,0,0,0,0,0,0,0,0,0,Matches,,,,
389,Leo Ortiz,br BRA,DF,br Flamengo,29-170,1996,1,1,90,1,0,0,0,0,0,0,0,0,0,0,0,0,0,Matches,,,,
390,Nicolás Otamendi,ar ARG,DF,pt Benfica,37-130,1988,2,2,180,2,1,1,2,1,0,0,0,0,0.5,0.5,1,0.5,1,Matches,,,,
391,Nico O’Reilly,eng ENG,DF,eng Manchester City,20-093,2005,1,1,90,1,0,0,0,0,0,0,0,0,0,0,0,0,0,Matches,,,,
392,Willian Pacho,ec ECU,DF,fr Paris S-G,23-249,2001,2,2,180,2,0,0,0,0,0,0,0,0,0,0,0,0,0,Matches,,,,
393,Carlos Palacios,cl CHI,MF,ar Boca Juniors,24-337,2000,2,2,133,1.5,0,0,0,0,0,0,1,0,0,0,0,0,0,Matches,,,,
394,Matías Palacios,ar ARG,MF,ae Al Ain FC,23-043,2002,1,1,67,0.7,0,0,0,0,0,0,0,0,0,0,0,0,0,Matches,,,,
395,Agustín Palavecino,ar ARG,MF,mx Pachuca,28-225,1996,1,1,76,0.8,0,0,0,0,0,0,0,0,0,0,0,0,0,Matches,,,,
396,Sergi Palencia,es ESP,DF,us LAFC,29-091,1996,2,2,180,2,0,0,0,0,0,0,1,0,0,0,0,0,0,Matches,,,,
397,Cole Palmer,eng ENG,MF,eng Chelsea,23-047,2002,2,2,164,1.8,0,0,0,0,0,0,0,0,0,0,0,0,0,Matches,,,,
398,Rui Patrício,pt POR,GK,ae Al Ain FC,37-127,1988,1,1,90,1,0,0,0,0,0,0,0,0,0,0,0,0,0,Matches,,,,
399,Jair Paula,br BRA,DF,br Botafogo (RJ),20-107,2005,2,2,180,2,1,0,1,1,0,0,0,0,0.5,0,0.5,0.5,0.5,Matches,,,,
400,Paulinho,br BRA,"FW,MF",br Palmeiras,24-342,2000,2,0,41,0.5,0,0,0,0,0,0,0,0,0,0,0,0,0,Matches,,,,
Rk,Player,Nation,Pos,Squad,Age,Born,MP,Starts,Min,90s,Gls,Ast,G+A,G-PK,PK,PKatt,CrdY,CrdR,Gls,Ast,G+A,G-PK,G+A-PK,Matches,,,,
401,João Paulo Mior,br BRA,MF,us Seattle Sounders,34-106,1991,1,0,12,0.1,0,0,0,0,0,0,0,0,0,0,0,0,0,Matches,,,,
402,Benjamin Pavard,fr FRA,DF,it Inter,29-086,1996,1,1,57,0.6,0,0,0,0,0,0,0,0,0,0,0,0,0,Matches,,,,
403,Vangelis Pavlidis,gr GRE,FW,pt Benfica,26-213,1998,2,2,180,2,1,1,2,1,0,0,1,0,0.5,0.5,1,0.5,1,Matches,,,,
404,Aleksandar Pavlovic,de GER,MF,de Bayern Munich,21-050,2004,2,1,124,1.4,0,0,0,0,0,0,0,0,0,0,0,0,0,Matches,,,,
405,Pedro Pedraza,mx MEX,MF,mx Pachuca,25-053,2000,1,1,54,0.6,0,0,0,0,0,0,0,0,0,0,0,0,0,Matches,,,,
406,Pedro,br BRA,FW,br Flamengo,28-002,1997,2,1,65,0.7,0,0,0,0,0,0,0,0,0,0,0,0,0,Matches,,,,
407,Zé Pedro Figueiredo,pt POR,DF,pt Porto,28-016,1997,2,2,180,2,0,0,0,0,0,0,0,0,0,0,0,0,0,Matches,,,,
408,Pepê,br BRA,"DF,FW",pt Porto,28-118,1997,1,0,24,0.3,0,0,0,0,0,0,0,0,0,0,0,0,0,Matches,,,,
409,Federico Pereira,uy URU,DF,mx Pachuca,25-118,2000,1,1,90,1,0,0,0,0,0,0,1,0,0,0,0,0,0,Matches,,,,
410,Léo Pereira,br BRA,DF,br Flamengo,29-142,1996,2,2,180,2,0,0,0,0,0,0,0,0,0,0,0,0,0,Matches,,,,
411,Enzo Pérez,ar ARG,MF,ar River Plate,39-120,1986,1,1,45,0.5,0,0,0,0,0,0,1,0,0,0,0,0,0,Matches,,,,
412,Nehuén Pérez,ar ARG,DF,pt Porto,24-363,2000,1,0,13,0.1,0,0,0,0,0,0,1,0,0,0,0,0,0,Matches,,,,
413,Tomás Pérez,ar ARG,MF,pt Porto,19-300,2005,1,0,9,0.1,0,0,0,0,0,0,0,0,0,0,0,0,0,Matches,,,,
414,Germán Pezzella,ar ARG,DF,ar River Plate,33-360,1991,1,1,90,1,0,0,0,0,0,0,1,0,0,0,0,0,0,Matches,,,,
415,Fafà Picault,ht HAI,"FW,MF",us Inter Miami,34-119,1991,2,0,22,0.2,0,0,0,0,0,0,0,0,0,0,0,0,0,Matches,,,,
416,Joaquín Piquerez,uy URU,"MF,DF",br Palmeiras,26-302,1998,2,2,180,2,0,0,0,0,0,0,1,0,0,0,0,0,0,Matches,,,,
417,Gonzalo Plata,ec ECU,FW,br Flamengo,24-233,2000,2,1,115,1.3,0,2,2,0,0,0,1,0,0,1.57,1.57,0,1.57,Matches,,,,
418,Gianluca Prestianni,ar ARG,MF,pt Benfica,19-142,2006,2,1,84,0.9,0,0,0,0,0,0,0,0,0,0,0,0,0,Matches,,,,
419,Erick Pulgar,cl CHI,MF,br Flamengo,31-158,1994,2,2,180,2,0,0,0,0,0,0,1,0,0,0,0,0,0,Matches,,,,
420,Mohammed Al Qahtani,sa KSA,FW,sa Al-Hilal,22-334,2002,1,0,27,0.3,0,0,0,0,0,0,1,0,0,0,0,0,0,Matches,,,,
421,Ramy Rabia,eg EGY,DF,ae Al Ain FC,32-033,1993,1,1,90,1,0,0,0,0,0,0,0,0,0,0,0,0,0,Matches,,,,
422,Jackson Ragen,us USA,DF,us Seattle Sounders,26-271,1998,2,2,180,2,0,0,0,0,0,0,1,0,0,0,0,0,0,Matches,,,,
423,Soufiane Rahimi,ma MAR,FW,ae Al Ain FC,29-020,1996,1,1,89,1,0,0,0,0,0,0,0,0,0,0,0,0,0,Matches,,,,
424,Cláudio Ramos,pt POR,GK,pt Porto,33-218,1991,2,2,180,2,0,0,0,0,0,0,0,0,0,0,0,0,0,Matches,,,,
425,Gonçalo Ramos,pt POR,FW,fr Paris S-G,24-002,2001,2,2,118,1.3,0,0,0,0,0,0,0,0,0,0,0,0,0,Matches,,,,
Rk,Player,Nation,Pos,Squad,Age,Born,MP,Starts,Min,90s,Gls,Ast,G+A,G-PK,PK,PKatt,CrdY,CrdR,Gls,Ast,G+A,G-PK,G+A-PK,Matches,,,,
426,Sergio Ramos,es ESP,DF,mx Monterrey,39-084,1986,1,1,90,1,1,0,1,1,0,0,0,0,1,0,1,1,1,Matches,,,,
427,Jacob Rasmussen,dk DEN,DF,at RB Salzburg,28-025,1997,1,1,90,1,0,0,0,0,0,0,0,0,0,0,0,0,0,Matches,,,,
428,Petar Ratkov,rs SRB,FW,at RB Salzburg,21-308,2003,1,1,54,0.6,0,0,0,0,0,0,0,0,0,0,0,0,0,Matches,,,,
429,Marcel Ratnik,si SVN,DF,ae Al Ain FC,21-181,2003,1,1,90,1,0,0,0,0,0,0,0,0,0,0,0,0,0,Matches,,,,
430,Mohamed Rayhi,nl NED,"FW,MF",ma Wydad AC,30-356,1994,1,0,45,0.5,0,0,0,0,0,0,0,0,0,0,0,0,0,Matches,,,,
431,Iqraam Rayners,za RSA,FW,za Sundowns,29-185,1995,1,1,76,0.8,1,0,1,1,0,0,0,0,1.18,0,1.18,1.18,1.18,Matches,,,,
432,Federico Redondo,ar ARG,MF,us Inter Miami,22-155,2003,2,1,110,1.2,0,0,0,0,0,0,1,0,0,0,0,0,0,Matches,,,,
433,João Rêgo,pt POR,MF,pt Benfica,20-002,2005,1,0,20,0.2,0,0,0,0,0,0,0,0,0,0,0,0,0,Matches,,,,
434,Tijjani Reijnders,nl NED,MF,eng Manchester City,26-328,1998,1,1,90,1,0,0,0,0,0,0,0,0,0,0,0,0,0,Matches,,,,
435,Vitor Reis,br BRA,DF,eng Manchester City,19-161,2006,1,1,90,1,0,0,0,0,0,0,0,0,0,0,0,0,0,Matches,,,,
436,Renê,br BRA,DF,br Fluminense,32-281,1992,1,1,90,1,0,0,0,0,0,0,0,0,0,0,0,0,0,Matches,,,,
437,Lucas Ribeiro,br BRA,MF,za Sundowns,26-256,1998,1,1,84,0.9,0,1,1,0,0,0,0,0,0,1.07,1.07,0,1.07,Matches,,,,
438,Kalani Rienzi,us USA,DF,us Seattle Sounders,22-360,2002,1,1,78,0.9,0,0,0,0,0,0,0,0,0,0,0,0,0,Matches,,,,
439,Richard Ríos,co COL,MF,br Palmeiras,25-020,2000,2,2,176,2,0,0,0,0,0,0,1,0,0,0,0,0,0,Matches,,,,
440,Rodri,es ESP,"DF,MF",eng Manchester City,29-000,1996,1,0,31,0.3,0,0,0,0,0,0,0,0,0,0,0,0,0,Matches,,,,
441,Rodrigo Rodrigues,br BRA,FW,tn Espérance Tunis,29-004,1996,2,2,135,1.5,0,0,0,0,0,0,0,0,0,0,0,0,0,Matches,,,,
442,Santiago Rodríguez,uy URU,"FW,MF",br Botafogo (RJ),25-165,2000,2,0,28,0.3,0,0,0,0,0,0,0,0,0,0,0,0,0,Matches,,,,
443,Rodrygo,br BRA,MF,es Real Madrid,24-164,2001,1,1,64,0.7,0,1,1,0,0,0,0,0,0,1.41,1.41,0,1.41,Matches,,,,
444,Alfie Rogers,nz NZL,DF,nz Auckland City,30-136,1995,1,0,9,0.1,0,0,0,0,0,0,0,0,0,0,0,0,0,Matches,,,,
445,Johan Rojas,co COL,"FW,MF",mx Monterrey,22-275,2002,1,0,1,0,0,0,0,0,0,0,0,0,0,0,0,0,0,Matches,,,,
446,Alex Roldan,sv SLV,DF,us Seattle Sounders,28-329,1996,2,1,115,1.3,0,0,0,0,0,0,0,0,0,0,0,0,0,Matches,,,,
447,Cristian Roldan,us USA,MF,us Seattle Sounders,30-019,1995,2,2,180,2,1,0,1,1,0,0,0,0,0.5,0,0.5,0.5,0.5,Matches,,,,
448,Mohamed Ali Ben Romdhane,tn TUN,MF,eg Al Ahly,25-289,1999,2,2,154,1.7,0,0,0,0,0,0,0,0,0,0,0,0,0,Matches,,,,
449,Salomón Rondón,ve VEN,FW,mx Pachuca,35-279,1989,1,1,90,1,0,0,0,0,0,0,0,0,0,0,0,0,0,Matches,,,,
450,Vitor Roque,br BRA,FW,br Palmeiras,20-114,2005,2,2,121,1.3,0,0,0,0,0,0,0,0,0,0,0,0,0,Matches,,,,
Rk,Player,Nation,Pos,Squad,Age,Born,MP,Starts,Min,90s,Gls,Ast,G+A,G-PK,PK,PKatt,CrdY,CrdR,Gls,Ast,G+A,G-PK,G+A-PK,Matches,,,,
451,Agustín Rossi,ar ARG,GK,br Flamengo,29-305,1995,2,2,180,2,0,0,0,0,0,0,0,0,0,0,0,0,0,Matches,,,,
452,Paul Rothrock,us USA,MF,us Seattle Sounders,26-164,1999,2,1,85,0.9,0,1,1,0,0,0,1,0,0,1.06,1.06,0,1.06,Matches,,,,
453,Fabián Ruiz Peña,es ESP,MF,fr Paris S-G,29-080,1996,2,1,107,1.2,1,0,1,1,0,0,1,0,0.84,0,0.84,0.84,0.84,Matches,,,,
454,Albert Rusnák,sk SVK,MF,us Seattle Sounders,30-350,1994,2,2,168,1.9,1,0,1,1,0,0,0,0,0.54,0,0.54,0.54,0.54,Matches,,,,
455,Julian Ryerson,no NOR,MF,de Dortmund,27-217,1997,1,1,86,1,0,0,0,0,0,0,0,0,0,0,0,0,0,Matches,,,,
456,Marcel Sabitzer,at AUT,MF,de Dortmund,31-097,1994,1,1,76,0.8,0,0,0,0,0,0,0,0,0,0,0,0,0,Matches,,,,
457,Arthur Sales,br BRA,MF,za Sundowns,22-354,2002,1,1,64,0.7,0,0,0,0,0,0,0,0,0,0,0,0,0,Matches,,,,
458,Renato Sanches,pt POR,MF,pt Benfica,27-308,1997,2,1,90,1,1,0,1,1,0,0,0,0,1,0,1,1,1,Matches,,,,
459,Carlos Sánchez,mx MEX,DF,mx Pachuca,23-070,2002,1,0,3,0,0,0,0,0,0,0,0,0,0,0,0,0,0,Matches,,,,
460,Robert Sánchez,es ESP,GK,eng Chelsea,27-216,1997,2,2,180,2,0,0,0,0,0,0,0,0,0,0,0,0,0,Matches,,,,
461,Leroy Sané,de GER,"FW,MF",de Bayern Munich,29-162,1996,1,0,24,0.3,0,0,0,0,0,0,0,0,0,0,0,0,0,Matches,,,,
462,Kang Sang-woo,kr KOR,"DF,FW",kr Ulsan HD,31-258,1993,1,0,11,0.1,0,0,0,0,0,0,0,0,0,0,0,0,0,Matches,,,,
463,Thiago Santana,br BRA,FW,jp Urawa Reds,32-138,1993,1,0,20,0.2,0,0,0,0,0,0,0,0,0,0,0,0,0,Matches,,,,
464,Marcelo Saracchi,uy URU,"DF,MF",ar Boca Juniors,27-060,1998,1,0,11,0.1,0,0,0,0,0,0,0,0,0,0,0,0,0,Matches,,,,
465,Yan Sasse,br BRA,MF,tn Espérance Tunis,27-363,1997,2,1,74,0.8,0,0,0,0,0,0,1,0,0,0,0,0,0,Matches,,,,
466,Jefferson Savarino,ve VEN,"MF,FW",br Botafogo (RJ),28-223,1996,2,2,135,1.5,0,1,1,0,0,0,0,0,0,0.67,0.67,0,0.67,Matches,,,,
467,Sávio,br BRA,FW,eng Manchester City,21-073,2004,1,1,89,1,0,0,0,0,0,0,0,0,0,0,0,0,0,Matches,,,,
468,Matheus Sávio,br BRA,MF,jp Urawa Reds,28-068,1997,1,1,70,0.8,0,0,0,0,0,0,0,0,0,0,0,0,0,Matches,,,,
469,Nicolò Savona,it ITA,DF,it Juventus,22-095,2003,1,1,70,0.8,0,0,0,0,0,0,0,0,0,0,0,0,0,Matches,,,,
470,Ahmed Sayed,eg EGY,FW,eg Al Ahly,29-163,1996,2,1,155,1.7,0,0,0,0,0,0,0,0,0,0,0,0,0,Matches,,,,
471,Andreas Schjelderup,no NOR,"FW,MF",pt Benfica,21-021,2004,1,0,29,0.3,0,0,0,0,0,0,0,0,0,0,0,0,0,Matches,,,,
472,Telasco Segovia,ve VEN,MF,us Inter Miami,22-081,2003,2,2,142,1.6,1,0,1,1,0,0,0,0,0.63,0,0.63,0.63,0.63,Matches,,,,
473,Eddie Segura,co COL,DF,us LAFC,28-140,1997,2,2,180,2,0,0,0,0,0,0,0,0,0,0,0,0,0,Matches,,,,
474,Takahiro Sekine,jp JPN,MF,jp Urawa Reds,30-064,1995,1,0,20,0.2,0,0,0,0,0,0,0,0,0,0,0,0,0,Matches,,,,
475,Kevin Serna,co COL,"FW,MF",br Fluminense,27-187,1997,1,0,21,0.2,0,0,0,0,0,0,0,0,0,0,0,0,0,Matches,,,,
Rk,Player,Nation,Pos,Squad,Age,Born,MP,Starts,Min,90s,Gls,Ast,G+A,G-PK,PK,PKatt,CrdY,CrdR,Gls,Ast,G+A,G-PK,G+A-PK,Matches,,,,
476,Ko Seungbeom,kr KOR,MF,kr Ulsan HD,31-059,1994,1,1,90,1,0,0,0,0,0,0,0,0,0,0,0,0,0,Matches,,,,
477,Hussein El Shahat,eg EGY,MF,eg Al Ahly,33-001,1992,2,0,30,0.3,0,0,0,0,0,0,0,0,0,0,0,0,0,Matches,,,,
478,Mohamed El-Shenawy,eg EGY,GK,eg Al Ahly,36-186,1988,2,2,180,2,0,0,0,0,0,0,0,0,0,0,0,0,0,Matches,,,,
479,António Silva,pt POR,DF,pt Benfica,21-235,2003,2,2,175,1.9,0,0,0,0,0,0,0,0,0,0,0,0,0,Matches,,,,
480,Thiago Silva,br BRA,DF,br Fluminense,40-273,1984,1,1,90,1,0,0,0,0,0,0,0,0,0,0,0,0,0,Matches,,,,
481,Giuliano Simeone,ar ARG,MF,es Atlético Madrid,22-186,2002,2,2,151,1.7,0,1,1,0,0,0,1,0,0,0.6,0.6,0,0.6,Matches,,,,
482,Everton Soares,br BRA,"FW,MF",br Flamengo,29-092,1996,1,0,1,0,0,0,0,0,0,0,0,0,0,0,0,0,0,Matches,,,,
483,Yann Sommer,ch SUI,GK,it Inter,36-187,1988,1,1,90,1,0,0,0,0,0,0,0,0,0,0,0,0,0,Matches,,,,
484,Josip Stanišić,hr CRO,DF,de Bayern Munich,25-081,2000,2,2,171,1.9,0,0,0,0,0,0,0,0,0,0,0,0,0,Matches,,,,
485,Everaldo Stum,br BRA,FW,br Fluminense,33-352,1991,1,1,69,0.8,0,0,0,0,0,0,0,0,0,0,0,0,0,Matches,,,,
486,Luis Suárez,uy URU,FW,us Inter Miami,38-149,1987,2,2,180,2,0,0,0,0,0,0,1,0,0,0,0,0,0,Matches,,,,
487,Petar Sucic,hr CRO,MF,it Inter,21-240,2003,1,0,23,0.3,0,0,0,0,0,0,0,0,0,0,0,0,0,Matches,,,,
488,Niklas Süle,de GER,DF,de Dortmund,29-292,1995,1,1,90,1,0,0,0,0,0,0,0,0,0,0,0,0,0,Matches,,,,
489,Valentin Sulzbacher,at AUT,MF,at RB Salzburg,20-103,2005,1,1,54,0.6,0,1,1,0,0,0,0,0,0,1.67,1.67,0,1.67,Matches,,,,
490,Daniel Svensson,se SWE,MF,de Dortmund,23-130,2002,1,1,90,1,0,0,0,0,0,0,0,0,0,0,0,0,0,Matches,,,,
491,Alexander Sørloth,no NOR,FW,es Atlético Madrid,29-199,1995,2,1,86,1,0,0,0,0,0,0,0,0,0,0,0,0,0,Matches,,,,
492,Jonathan Tah,de GER,DF,de Bayern Munich,29-131,1996,2,2,180,2,0,1,1,0,0,0,0,0,0,0.5,0.5,0,0.5,Matches,,,,
493,Hassan Al Tambakti,sa KSA,DF,sa Al-Hilal,26-133,1999,1,1,90,1,0,0,0,0,0,0,0,0,0,0,0,0,0,Matches,,,,
494,Aurélien Tchouaméni,fr FRA,MF,es Real Madrid,25-146,2000,1,1,90,1,0,0,0,0,0,0,0,0,0,0,0,0,0,Matches,,,,
495,Alex Telles,br BRA,DF,br Botafogo (RJ),32-189,1992,2,2,135,1.5,0,1,1,0,0,0,0,0,0,0.67,0.67,0,0.67,Matches,,,,
496,Khéphren Thuram,fr FRA,MF,it Juventus,24-088,2001,1,1,45,0.5,0,2,2,0,0,0,0,0,0,4,4,0,4,Matches,,,,
497,Marcus Thuram,fr FRA,"FW,MF",it Inter,27-320,1997,1,0,32,0.4,0,0,0,0,0,0,0,0,0,0,0,0,0,Matches,,,,
498,Timmy Tillman,de GER,MF,us LAFC,26-169,1999,2,2,166,1.8,0,0,0,0,0,0,1,0,0,0,0,0,0,Matches,,,,
499,Nouhou Tolo,cm CMR,DF,us Seattle Sounders,27-364,1997,1,1,45,0.5,0,0,0,0,0,0,1,0,0,0,0,0,0,Matches,,,,
500,Zhou Tong,cn CHN,MF,nz Auckland City,35-161,1990,2,1,70,0.8,0,0,0,0,0,0,0,0,0,0,0,0,0,Matches,,,,
Rk,Player,Nation,Pos,Squad,Age,Born,MP,Starts,Min,90s,Gls,Ast,G+A,G-PK,PK,PKatt,CrdY,CrdR,Gls,Ast,G+A,G-PK,G+A-PK,Matches,,,,
501,Facundo Torres,uy URU,MF,br Palmeiras,25-070,2000,1,1,75,0.8,0,0,0,0,0,0,0,0,0,0,0,0,0,Matches,,,,
502,Óliver Torres,es ESP,MF,mx Monterrey,30-224,1994,1,1,57,0.6,0,1,1,0,0,0,0,0,0,1.58,1.58,0,1.58,Matches,,,,
503,Conor Tracey,nz NZL,GK,nz Auckland City,28-070,1997,1,1,90,1,0,0,0,0,0,0,0,0,0,0,0,0,0,Matches,,,,
504,Trézéguet,eg EGY,"MF,FW",eg Al Ahly,30-264,1994,2,2,125,1.4,0,0,0,0,0,1,0,0,0,0,0,0,0,Matches,,,,
505,Miłosz Trojak,pl POL,DF,kr Ulsan HD,31-048,1994,1,1,90,1,0,0,0,0,0,0,0,0,0,0,0,0,0,Matches,,,,
506,Anatolii Trubin,ua UKR,GK,pt Benfica,23-325,2001,2,2,180,2,0,0,0,0,0,0,0,0,0,0,0,0,0,Matches,,,,
507,Hamad Al Tuhayfan,sa KSA,DF,sa Al-Hilal,26-036,1999,1,0,27,0.3,0,0,0,0,0,0,0,0,0,0,0,0,0,Matches,,,,
508,Joshua Udoh,ng NGA,MF,ae Al Ain FC,17-352,2007,1,0,1,0,0,0,0,0,0,0,0,0,0,0,0,0,0,Matches,,,,
509,Dayot Upamecano,fr FRA,DF,de Bayern Munich,26-238,1998,2,0,54,0.6,0,0,0,0,0,0,0,0,0,0,0,0,0,Matches,,,,
510,Óscar Ustari,ar ARG,GK,us Inter Miami,38-354,1986,2,2,180,2,0,0,0,0,0,0,0,0,0,0,0,0,0,Matches,,,,
511,Federico Valverde,uy URU,MF,es Real Madrid,26-335,1998,1,1,90,1,0,0,0,0,0,1,0,0,0,0,0,0,0,Matches,,,,
512,Vanderlan,br BRA,DF,br Palmeiras,22-288,2002,1,0,15,0.2,0,0,0,0,0,0,0,0,0,0,0,0,0,Matches,,,,
513,Alan Varela,ar ARG,MF,pt Porto,23-353,2001,2,2,154,1.7,0,0,0,0,0,0,0,0,0,0,0,0,0,Matches,,,,
514,Guillermo Varela,uy URU,DF,br Flamengo,32-090,1993,2,1,99,1.1,0,0,0,0,0,0,0,0,0,0,0,0,0,Matches,,,,
515,Obed Vargas,mx MEX,MF,us Seattle Sounders,19-321,2005,2,2,180,2,0,0,0,0,0,0,0,0,0,0,0,0,0,Matches,,,,
516,Lucas Vázquez,es ESP,"DF,FW",es Real Madrid,33-356,1991,1,0,26,0.3,0,0,0,0,0,0,0,0,0,0,0,0,0,Matches,,,,
517,Gabriel Veiga,es ESP,"MF,FW",pt Porto,23-026,2002,2,2,124,1.4,0,0,0,0,0,0,0,0,0,0,0,0,0,Matches,,,,
518,Raphael Veiga,br BRA,MF,br Palmeiras,30-003,1995,2,1,71,0.8,0,0,0,0,0,0,1,0,0,0,0,0,0,Matches,,,,
519,Alan Velasco,ar ARG,"MF,FW",ar Boca Juniors,22-330,2002,2,2,136,1.5,0,1,1,0,0,0,0,0,0,0.66,0.66,0,0.66,Matches,,,,
520,Yorbe Vertessen,be BEL,FW,at RB Salzburg,24-165,2001,1,0,36,0.4,0,0,0,0,0,0,0,0,0,0,0,0,0,Matches,,,,
521,Fabio Vieira,pt POR,MF,pt Porto,25-023,2000,2,2,171,1.9,0,0,0,0,0,0,0,0,0,0,0,0,0,Matches,,,,
522,Vitinha,pt POR,MF,fr Paris S-G,25-129,2000,2,2,180,2,1,0,1,1,0,0,0,0,0.5,0,0.5,0.5,0.5,Matches,,,,
523,Vitinho,br BRA,DF,br Botafogo (RJ),25-334,1999,2,2,180,2,0,1,1,0,0,0,0,0,0,0.5,0.5,0,0.5,Matches,,,,
524,Dušan Vlahović,rs SRB,FW,it Juventus,25-145,2000,1,0,20,0.2,0,0,0,0,0,0,0,0,0,0,0,0,0,Matches,,,,
525,Ryan de Vries,nz NZL,"FW,MF",nz Auckland City,33-281,1991,2,0,38,0.4,0,0,0,0,0,0,0,0,0,0,0,0,0,Matches,,,,
Rk,Player,Nation,Pos,Squad,Age,Born,MP,Starts,Min,90s,Gls,Ast,G+A,G-PK,PK,PKatt,CrdY,CrdR,Gls,Ast,G+A,G-PK,G+A-PK,Matches,,,,
526,Mohamed Wael Derbali,tn TUN,MF,tn Espérance Tunis,22-004,2003,2,0,31,0.3,0,0,0,0,0,0,0,0,0,0,0,0,0,Matches,,,,
527,Wallace,br BRA,MF,br Flamengo,20-134,2005,1,0,9,0.1,1,0,1,1,0,0,0,0,10,0,10,10,10,Matches,,,,
528,Ryoma Watanabe,jp JPN,MF,jp Urawa Reds,28-263,1996,1,1,90,1,0,0,0,0,0,0,1,0,0,0,0,0,0,Matches,,,,
529,Timothy Weah,us USA,"DF,FW",it Juventus,25-120,2000,1,0,45,0.5,0,0,0,0,0,0,0,0,0,0,0,0,0,Matches,,,,
530,Marcelo Weigandt,ar ARG,DF,us Inter Miami,25-162,2000,2,1,107,1.2,0,1,1,0,0,0,0,0,0,0.84,0.84,0,0.84,Matches,,,,
531,Wesley,br BRA,DF,br Flamengo,21-289,2003,1,1,81,0.9,0,0,0,0,0,0,0,0,0,0,0,0,0,Matches,,,,
532,Wéverton,br BRA,GK,br Palmeiras,37-191,1987,2,2,180,2,0,0,0,0,0,0,0,0,0,0,0,0,0,Matches,,,,
533,Ronwen Williams,za RSA,GK,za Sundowns,33-152,1992,1,1,90,1,0,0,0,0,0,0,0,0,0,0,0,0,0,Matches,,,,
534,Estêvão Willian,br BRA,MF,br Palmeiras,18-059,2007,2,2,139,1.5,0,0,0,0,0,0,0,0,0,0,0,0,0,Matches,,,,
535,Axel Witsel,be BEL,"DF,MF",es Atlético Madrid,36-161,1989,1,0,45,0.5,1,0,1,1,0,0,0,0,2,0,2,2,2,Matches,,,,
536,Um Wonsang,kr KOR,DF,kr Ulsan HD,26-167,1999,1,1,90,1,0,0,0,0,0,0,0,0,0,0,0,0,0,Matches,,,,
537,Jung Woo-young,kr KOR,MF,kr Ulsan HD,35-190,1989,1,1,72,0.8,0,0,0,0,0,0,0,0,0,0,0,0,0,Matches,,,,
538,Samuel Xavier,br BRA,DF,br Fluminense,35-016,1990,1,1,90,1,0,0,0,0,0,0,0,0,0,0,0,0,0,Matches,,,,
539,Kaito Yasui,jp JPN,MF,jp Urawa Reds,25-133,2000,1,1,80,0.9,0,0,0,0,0,0,0,0,0,0,0,0,0,Matches,,,,
540,Yaw Yeboah,gh GHA,"DF,FW",us LAFC,28-086,1997,2,0,14,0.2,0,0,0,0,0,0,0,0,0,0,0,0,0,Matches,,,,
541,Kenan Yıldız,tr TUR,MF,it Juventus,20-049,2005,1,1,60,0.7,1,0,1,1,0,0,0,0,1.5,0,1.5,1.5,1.5,Matches,,,,
542,Park Yong-woo,kr KOR,MF,ae Al Ain FC,31-285,1993,1,1,75,0.8,0,0,0,0,0,0,0,0,0,0,0,0,0,Matches,,,,
543,David Yoo,nz NZL,MF,nz Auckland City,25-197,1999,2,2,129,1.4,0,0,0,0,0,0,0,0,0,0,0,0,0,Matches,,,,
544,Kim Young-gwon,kr KOR,DF,kr Ulsan HD,35-115,1990,1,1,90,1,0,0,0,0,0,0,0,0,0,0,0,0,0,Matches,,,,
545,Facundo Zabala,ar ARG,DF,ae Al Ain FC,26-171,1999,1,1,90,1,0,0,0,0,0,0,0,0,0,0,0,0,0,Matches,,,,
546,Warren Zaïre-Emery,fr FRA,MF,fr Paris S-G,19-106,2006,2,1,74,0.8,0,0,0,0,0,0,0,0,0,0,0,0,0,Matches,,,,
547,Nicola Zalewski,pl POL,"DF,MF",it Inter,23-150,2002,1,0,13,0.1,0,0,0,0,0,0,0,0,0,0,0,0,0,Matches,,,,
548,Christian Zawieschitzky,at AUT,GK,at RB Salzburg,18-051,2007,1,1,90,1,0,0,0,0,0,0,0,0,0,0,0,0,0,Matches,,,,
549,Haris Zeb,nz NZL,MF,nz Auckland City,24-038,2001,1,1,60,0.7,0,0,0,0,0,0,0,0,0,0,0,0,0,Matches,,,,
550,Exequiel Zeballos,ar ARG,"FW,MF",ar Boca Juniors,23-059,2002,2,0,37,0.4,0,0,0,0,0,0,0,0,0,0,0,0,0,Matches,,,,
Rk,Player,Nation,Pos,Squad,Age,Born,MP,Starts,Min,90s,Gls,Ast,G+A,G-PK,PK,PKatt,CrdY,CrdR,Gls,Ast,G+A,G-PK,G+A-PK,Matches,,,,
551,Oussama Zemraoui,ma MAR,MF,ma Wydad AC,23-113,2002,1,1,61,0.7,0,0,0,0,0,0,0,0,0,0,0,0,0,Matches,,,,
552,Kevin Zenon,ar ARG,MF,ar Boca Juniors,23-327,2001,2,2,148,1.6,0,0,0,0,0,0,0,0,0,0,0,0,0,Matches,,,,
553,Themba Zwane,za RSA,MF,za Sundowns,35-323,1989,1,1,76,0.8,0,0,0,0,0,0,0,0,0,0,0,0,0,Matches,,,,